name,email,address,date_of_birth
Paula Brown,timothygrant@example.com,"3351 Erin Court Suite 188
Munozberg, LA 69608",2017-11-07
Mark Burton,valenzuelaaustin@example.org,"27679 Walker Tunnel Suite 733
Hickmanshire, WA 79365",1936-04-24
Barbara Cruz,williamsjill@example.org,"10942 Hoffman Forks Suite 839
Cindymouth, GU 23073",1999-04-01
Kyle Smith,shelby79@example.com,"USNV Davis
FPO AA 67071",2006-04-24
Eric Diaz,lynn92@example.net,"5916 Mitchell Path Suite 138
Maryland, TN 75224",1919-09-02
Devin Stewart,hmiller@example.org,"622 Houston Gateway
Brittanyville, ID 30324",1926-12-18
Jerome Smith,sandy44@example.net,"490 Randy Gateway Suite 254
Michaelchester, PR 75592",1936-01-18
Nicholas West,garcialevi@example.com,"5054 Rachel Shores
Port Seanland, VI 45175",1956-09-25
Evelyn Frost,shinton@example.org,"409 Mitchell Overpass
Vargastown, NY 76733",1933-05-02
Travis Mejia,margaret96@example.net,"8830 Derek Road
Emilyville, OK 60463",1992-04-16
James Raymond,gabriel98@example.net,"7608 Melissa Fall
Brianville, ME 46501",1940-10-05
Dana Wells,ewilliams@example.org,"0507 King Curve Apt. 310
New Tanya, FM 08731",1967-01-18
Andrea Salazar,swilson@example.net,"482 Foley Village
Haleyside, TN 74485",1910-04-01
Lisa Alexander,qmay@example.org,"6654 Hughes Trail
Graymouth, NV 02363",1936-01-24
Thomas Moss,owilliams@example.com,"7281 Lopez Islands
Joshuamouth, MH 14373",1963-12-26
Nathan Briggs,parkeranthony@example.org,"839 Brooke Land
Taylorview, ID 21186",1930-03-16
Miguel Johnson,rodriguezcrystal@example.com,"23238 Cooper Street
West Brianmouth, PR 45294",2023-05-17
Stephanie Sandoval,karina44@example.net,"455 Jennifer Mountains
Molinatown, WI 13440",2003-08-14
Jill Castaneda,katherine79@example.org,"4651 Robert Rapids
Adkinsland, MD 93439",1948-03-06
Rachel Shaffer,kyoung@example.net,"535 David Centers
Lake Adrian, MD 83902",1927-10-18
Kyle Johnson,robinmartinez@example.net,"3805 Melissa Estate
East Stephen, WV 76745",1916-05-25
Ricardo Mcgee,rwilliams@example.org,"43802 Thomas Squares Suite 195
Brownmouth, CO 14473",2015-02-11
Randall Henderson,katelynflores@example.net,"70730 Nicole Bridge Apt. 388
Youngbury, LA 61681",1987-10-28
Donald Moore,geraldwright@example.net,"5528 Russell Port Apt. 421
Nicholefort, PR 07326",1953-05-04
Jermaine Guzman,bryangentry@example.org,"469 Flynn Forges
South Brenda, AK 64998",1932-08-17
Joseph Terrell,rachel16@example.org,"USCGC Brown
FPO AE 77750",1971-01-12
Curtis Miller,peterpatterson@example.com,"17052 Welch Mountain Suite 120
North Karen, VA 20904",1974-07-08
Haley Brown,michellescott@example.net,"9985 Jeffrey Inlet Suite 559
New Jamieshire, NE 50620",1915-02-09
Sharon Hester,robertmccoy@example.net,"5878 Moreno Mills
Kingside, ND 99919",1918-02-12
John Cox,renee10@example.com,"1874 Mcknight Canyon
Dianafurt, SD 49091",1948-02-09
Laura Snyder,mariaphillips@example.org,"46042 Lara Ports Apt. 115
Port Elizabeth, MP 37402",1909-02-23
Carolyn Burke,martha64@example.com,"02284 Martinez Walks
Jamesburgh, WY 54125",1925-07-14
Pamela Williams,nguyenkatherine@example.net,"997 Richards Throughway
North Kristinchester, SC 20434",1989-03-30
Janet Roberts,arnoldrobert@example.com,"9314 Everett Row Apt. 290
North Julia, MA 09963",1963-01-04
Ashley Miller,jason58@example.net,"635 Shawn Falls
Tylerview, NE 39317",2020-01-23
Phillip Graham,andrewslisa@example.org,"7905 Flowers Ports
West Andreaburgh, MN 29760",1932-03-19
Matthew Burns,cheryl25@example.org,"7519 Perez Lane Suite 543
Port Brianton, ND 91008",1990-08-11
Marvin Brown,natalieglass@example.net,"73439 Stacy Mall Suite 471
East Timothy, MT 43229",1977-09-22
Courtney Wilson,anna42@example.net,"63539 Sanders Streets Suite 084
Lake Daniel, MH 09582",1987-07-06
Mia Bennett,keytyler@example.net,"51767 Laurie Ferry
Amyborough, DC 20427",1982-10-04
Miranda White,lisa99@example.org,"869 George Rest Suite 678
Wiseview, GU 08056",2007-10-28
Gary Hill,olsonsarah@example.org,"Unit 8323 Box 8436
DPO AP 34314",1940-04-07
Samantha Riddle,mark79@example.net,"USNV Chapman
FPO AE 91562",1917-02-16
Jenna Brown,jill80@example.com,"514 Thomas Rest
Charlesmouth, OR 34061",1917-07-18
Brandon Castro,madelinedavis@example.com,"6615 Elizabeth Valley
East Kimberlyborough, MA 52253",1974-11-28
Henry Cisneros,abutler@example.org,"5506 Foster Greens
Lake Shawnhaven, KY 67782",2021-04-09
Janet Moses,jennifer40@example.com,"49656 Cook Lock
Lake Susan, SC 76007",1955-12-06
Dustin Chandler,maryknight@example.net,"39289 Rich Harbors Apt. 186
Mitchellfort, OK 19200",1965-01-13
Lacey Logan,montgomerytravis@example.org,"489 Marks Loop Apt. 179
Paulborough, SD 07342",2008-01-01
Thomas Velazquez,mark95@example.org,"4836 Daniels Creek Apt. 419
New Alexandraberg, UT 88258",1996-07-31
Thomas Wilson,kclay@example.com,"062 Faulkner Walk Suite 421
Port Ashleyburgh, GU 78144",1949-12-17
Lori Dixon,aaron83@example.com,"303 Barry Lakes Apt. 687
Lake Brady, NM 92717",1928-10-16
Raymond Gonzalez,amandawilson@example.org,"2358 Joshua Center
Arellanochester, ND 07973",1986-01-15
Tyrone Scott,nicole76@example.org,"267 Erica Isle Suite 415
North Ronaldbury, RI 06765",1950-08-26
Nicole Rose,stevenrojas@example.com,"3188 Joshua Squares Apt. 864
South Marcborough, FM 98512",1993-06-02
Jerry Andersen,kathleenwillis@example.com,"31740 Dylan Route
South Frank, VI 08221",1987-06-05
Audrey Johnson,mbryant@example.com,"8019 Preston Gateway
East Anthony, MS 55429",2016-01-06
Daniel Mathews,aberg@example.com,"599 Davis Flat Suite 183
Jamesmouth, PR 78709",1940-10-03
Stacey Jones,dianahamilton@example.net,"406 Moore Villages Suite 591
New Rebeccaland, WY 94798",1987-04-21
Tanner Vasquez,cherylli@example.org,"19545 Holt Spur Suite 171
West Danielleberg, RI 86395",1998-08-22
Diana Anderson,brady15@example.com,"1864 Paula Meadows Apt. 314
Lewiston, RI 39789",1912-10-07
Kenneth Gamble,mcclurecharles@example.com,"2802 Hannah Loop
Mcdowellshire, IN 23381",1949-05-15
Jason Smith,nicholasyang@example.com,"868 Bryan Locks
East Edwinfurt, NH 29243",1938-08-27
Joshua Goodman,stevengriffin@example.org,"0809 Ryan Mews
South Jillianberg, KS 75835",2018-02-04
Jennifer Davis,jeremy48@example.org,"7203 Williams Field Suite 149
West Carlos, CT 36747",1936-12-05
Kevin Hayes,sarah27@example.com,"5266 Gardner Falls
Lake Seanfurt, SD 76996",1979-02-17
Thomas Robinson,crivera@example.com,"USNV Boone
FPO AP 75015",1916-05-30
Cristian English,csutton@example.com,"3361 Griffin Grove Suite 380
South Tiffany, CT 05098",1996-08-22
Kristine Chavez,thomasbrown@example.net,"5758 James Fords Apt. 417
Underwoodtown, VI 07582",1935-01-10
Kimberly Burke,veronicamorales@example.net,"38795 Mahoney Summit Apt. 129
Lake Gregoryland, ND 55142",1975-12-15
Antonio Marquez,gregorywoods@example.org,"4460 Gonzalez Loaf Suite 615
East Olivialand, MP 26187",2013-09-21
Tammy Ryan,aaronsmith@example.com,"2632 Michelle Camp
Lake Lori, AS 79913",1974-07-23
Barbara Jordan,gerald89@example.net,"21900 Jones Grove
Markfort, MS 12833",1927-05-08
Jennifer Baker,claudia27@example.net,"Unit 4485 Box 6730
DPO AP 61991",1926-08-16
John Diaz,weaverwanda@example.com,"91914 James Estates Suite 666
North Samanthachester, ME 92233",1953-04-24
Brandon Hansen,myersjennifer@example.org,"748 Kidd Underpass Suite 885
Derrickstad, NE 45624",2016-02-25
Nancy Cook,jasongonzales@example.org,"915 Palmer Forges Apt. 257
Marthashire, NC 87220",1944-06-07
Stephen Snyder,bkirby@example.com,"Unit 4125 Box 9835
DPO AP 08941",1959-08-19
Shannon Hodge,sarah26@example.net,"5153 Sean Greens Suite 948
Hernandezville, NM 00947",2017-12-23
Joshua Pearson,steinkaren@example.org,"9242 Wells Gardens
South Thomasstad, CT 32350",1912-07-16
Suzanne Livingston,laura45@example.net,"0445 Smith Track
South Stephanieside, TN 61274",1915-06-26
Elizabeth Anderson,lsmith@example.com,"62305 Crawford Turnpike Suite 702
Elizabethmouth, HI 48879",1908-02-29
Andrew Arnold,gomeztammy@example.net,"474 Robert Lights
Port Alexisport, WA 63506",2008-10-08
Lindsay Cook,lawrencedoyle@example.org,"PSC 9633, Box 1457
APO AA 71024",1969-10-22
Dr. Robert Young,fhicks@example.com,"074 Matthew Circle
Jodibury, CT 81499",1984-04-17
Wendy Smith,grivas@example.net,"777 Jordan Shoal
Port Heatherhaven, AK 01625",1979-11-04
Edward Grant,cespinoza@example.org,"339 Arellano Circle
Cooperburgh, KY 09591",2018-02-19
Pamela Perry,hernandezmichael@example.net,"29418 Alexander Locks
West Sandraberg, IL 73203",2004-08-10
Shannon Harvey,colemanalicia@example.net,"PSC 0111, Box 7009
APO AP 56621",1978-10-27
Jessica Hensley,bsimmons@example.org,"30428 Crystal Cape Apt. 447
East Andreaside, SD 22854",2014-01-04
Douglas Reed,sperez@example.net,"6175 Cassandra Squares Apt. 151
Port Karinamouth, WA 32425",2004-07-07
Billy Cunningham,allison65@example.net,"34876 Zhang Lake
Kellyberg, ND 06510",1908-11-08
Michelle Blackwell,mgraham@example.com,"789 Johnson Square Apt. 165
New Antonioside, ME 64490",1948-07-27
Krystal Powers,fsummers@example.org,"05997 Martin Isle
Sarahmouth, OR 17555",1956-07-09
Erik Martin,vsexton@example.com,"589 Weber Knolls
Bishopchester, RI 20162",2007-04-21
David Bray,theodore85@example.org,"580 Hall Passage Suite 978
Henrybury, NE 35897",1960-01-03
Roberto Perry,thomas47@example.com,"53609 Mathews Underpass
East Ryanland, SD 05619",2000-04-09
Tim Scott,kyle26@example.com,"250 Melvin Meadow Suite 710
South Veronicafurt, IN 86438",1964-11-10
Kelly George,crojas@example.org,"5952 Huerta Rapid
Port Kenneth, ND 02261",1998-10-23
James Lee,mcgeedana@example.org,"81472 Rios Rapid
South Larry, ID 84975",1951-04-01
Chad Hawkins,laurenlane@example.com,"244 Adams Throughway Apt. 871
Frenchborough, HI 85819",2017-04-14
Dave Watson,mcbridetina@example.org,"133 Lozano Hills
Erichaven, NE 13481",1985-12-18
Sean Peters,nicholasrandall@example.net,"95663 Jeremy Squares Apt. 176
Kristenburgh, GA 71895",2006-07-31
Michael Hall,jessica14@example.com,"9372 Griffin Ford Apt. 395
West Stephenborough, TN 54478",1910-09-18
Joshua Harvey,millergregory@example.org,"257 Cindy Divide Suite 926
Williamsville, NJ 30491",1973-12-26
Sarah Gonzalez,vegakelsey@example.org,"26735 Shepherd Brook
Romeroview, NM 88126",1981-10-30
Nicole Warner,moramary@example.com,"83981 Knox Stravenue Apt. 896
Lake Sarah, NJ 10618",1995-05-02
Gail Webb,fjohnson@example.net,"391 Brown Villages Apt. 065
Saratown, DC 97057",1980-05-09
Scott Nicholson,nicholaslambert@example.net,"236 Moore Fork Suite 936
Port Ambermouth, PA 91426",2003-12-28
Roger Lloyd,karendavis@example.net,"75637 Annette Crest
West John, UT 38709",1946-05-13
Charles Garrison,matthewjennings@example.com,"67704 Julie Landing Suite 630
Sanchezhaven, CT 99797",1982-05-20
Joseph Torres,daryl37@example.com,"174 Little Gardens
Taraberg, PA 57142",1967-06-23
Nicole Woodard,mclark@example.org,"8066 Tamara Views Apt. 754
Medinaborough, NH 97153",1977-08-04
Jordan Meyers,willie31@example.net,"1091 Jeffrey Dam
Parrishbury, SC 10019",1929-10-01
Denise Wilson,amy26@example.org,"124 Brian Islands Suite 460
Craigborough, MT 60318",1909-06-28
Tiffany White,ochoachris@example.net,"7516 Ball Lane Suite 295
West Jessica, CA 96116",1994-10-25
Kimberly Spence,ishaw@example.net,"50986 Jeffrey Harbors Suite 610
Charlesfort, MT 86358",1987-05-10
Michael Moore,reedgrace@example.net,"992 Farley Place Apt. 603
East Emilyhaven, CA 70374",2013-03-09
Chad Wells,nicole96@example.org,"41311 Susan Terrace Suite 283
East Dean, NY 63269",1983-01-24
Melissa Lee,nicholassilva@example.com,"128 Audrey Summit Suite 382
West Josetown, CA 43426",1949-08-09
Justin Farley,joseph65@example.net,"1147 Andrew Turnpike
Christopherside, PA 19251",2002-06-15
Anthony Salazar,gonzalezalyssa@example.com,"5377 Knight Trace Apt. 486
Wilsonmouth, MA 28424",2021-09-09
James Wiggins,mgonzales@example.net,"47808 Snyder Rest Apt. 304
South Cynthiafort, VA 41564",2007-01-25
Elaine Sanford,vsantos@example.net,"5376 Johnston Neck Apt. 308
Danielberg, NH 16043",2018-11-26
Joshua Johnson,arthurpearson@example.org,"874 Calhoun Streets Suite 311
East Terriside, AZ 02383",2020-02-26
Hannah Meyer,hernandezjason@example.net,"1058 Taylor Burg Suite 744
West Jacquelinechester, HI 00896",1998-08-08
Victoria Graves,jonesnicole@example.com,"Unit 8138 Box 8170
DPO AE 73901",1974-06-24
Carlos Rios,morriscynthia@example.com,"3664 Amanda Mount
Yuville, WV 55460",1946-01-11
Ryan Duarte,ynorton@example.net,"75911 Best Hollow Suite 602
Hicksburgh, MD 75774",1912-06-25
Kelly Jackson,kphillips@example.com,"USNS Smith
FPO AP 97662",1969-03-29
Anthony Anderson,asmith@example.com,"367 Hoover Hills
Wallaceshire, KS 21143",1936-07-09
Jennifer Cunningham,sarahgriffin@example.org,"32953 Brown Hills
New Joseph, OK 39193",1947-11-30
Sara Henderson,hharris@example.org,"20527 Jeffrey Hills
North Beckyfort, NE 58272",2001-08-26
Christopher Franklin,jessica01@example.net,"29458 Jonathan Falls
Arianabury, AK 43394",1937-08-09
Krista Kennedy,jessicaharrison@example.com,"20521 Patrick Burg Suite 565
Brandyport, OR 80094",1998-02-04
Lindsay Hernandez,john60@example.com,"7937 Sophia Center Apt. 353
Eddiemouth, NY 39509",1968-06-15
Nicole Gregory,thomasjerry@example.net,"USCGC Watkins
FPO AP 05997",2006-02-16
Alexandra Rich,hughesadam@example.net,"0853 Ashley Center Apt. 934
Valdezberg, PA 99303",1990-09-11
Kendra Rodriguez,boyerdeborah@example.net,"750 Courtney Crescent
Smithbury, NY 75976",1945-10-03
Donald Perez,stephen54@example.org,"220 Rush Stream Suite 511
Esparzatown, CO 83990",1956-04-26
Oscar Munoz,jacob87@example.org,"486 Alexander Wells Apt. 216
West Sarachester, SD 75396",1973-02-02
Susan Wright,amber08@example.com,"404 Johnson Spring Apt. 861
North Angelica, ME 17813",1923-03-13
Justin Patterson,btaylor@example.com,"192 Garza Parks
Lindseyton, MI 52929",2021-04-19
Ashley Odonnell,lrichardson@example.net,"350 Hamilton Lane
North Danielberg, MO 80851",1928-07-23
Cynthia Clark,millskimberly@example.org,"390 Thornton Mountain Suite 025
Mosleyville, ID 55398",1994-10-21
Lisa Wolf,wilsonjoseph@example.org,"14033 Sandra Ranch Apt. 899
Lake Marychester, PW 10126",1993-12-14
Michelle Harris,smithaaron@example.org,"USS Harrington
FPO AE 28032",1978-07-19
Christopher Hale,millerdavid@example.com,"Unit 1673 Box 4030
DPO AE 33273",1921-09-28
Johnathan Miller,elizabethtaylor@example.net,"024 Kelly Trail Apt. 904
Matthewborough, AS 10474",1930-07-15
Jerry Quinn,jasonlam@example.net,"USNS Villa
FPO AP 69323",1939-10-17
Jessica Gibson,amanda59@example.com,"4019 Spencer Valleys
East Alexandra, MH 26785",1982-03-28
Seth Odonnell,lgoodman@example.net,"988 Mendoza Trace Suite 867
Marymouth, OK 99231",2011-06-30
Shane Maldonado,kariwood@example.org,"315 Hernandez Greens
Stephanieville, ID 15285",1929-11-08
Wanda Weber,alexander83@example.org,"1899 Guzman Corner Apt. 322
South Shannonmouth, RI 14215",1936-01-01
Jennifer Gomez,christopherkim@example.com,"844 Weaver Ports
Port Stevenfort, OR 73063",2002-05-12
Laurie Savage,rileyjohnson@example.org,"Unit 8513 Box 5770
DPO AP 61369",1915-09-11
Nicolas Phillips,pattersonebony@example.org,"046 Coleman Springs
Ericashire, MD 47109",1930-05-16
Katherine Long,steven66@example.org,"772 Moore Walks
New Jamesbury, AZ 04913",1996-09-05
Sandra Schneider,chloe08@example.org,"27772 Elizabeth Isle Apt. 409
South Charles, VT 19834",1921-08-28
Stephanie Garza,piercedesiree@example.net,"141 Wilson Coves
South Staceyfort, GU 28567",2022-09-06
Lori Adams,cleach@example.net,"418 Matthew Falls Suite 218
Jeffreyhaven, AZ 30913",1967-07-29
Patrick Rice,ellisonantonio@example.org,"7223 Cynthia Wall Suite 713
Scottview, IA 02252",1968-11-20
Randall Frank,pturner@example.net,"5692 Stacy Springs
New Trevorbury, OH 36004",1927-01-28
Lindsey Baker,brian10@example.org,"4583 Andrew Stravenue
East Benjamin, LA 29771",1978-01-08
Kayla Jennings,annette57@example.net,"28181 Lee Canyon
Moralesland, ND 89405",1965-08-02
Eric Alexander,fordjustin@example.org,"Unit 4383 Box 6068
DPO AP 78615",1966-10-23
Christopher Garcia,dcollins@example.com,"2664 Amy Street Apt. 064
Ernestville, KY 36270",1939-05-01
Lauren Lewis,michael16@example.org,"017 Davis Estates
Fosterland, ND 15036",2001-04-15
John Nichols,pamela18@example.net,"624 Hodges Vista Apt. 288
Christopherstad, MN 96989",1913-07-31
John Stanley,rebeccanguyen@example.com,"6146 Mitchell Stravenue
East Karenbury, WY 41760",1983-08-11
Paul Vang,icalhoun@example.net,"5913 Vang Alley
South Carlosland, TN 28322",1940-05-27
Jose Washington,rdavidson@example.com,"35211 Cherry Valley Suite 077
Williamsside, KS 97246",2013-11-30
Lance Allen,dpena@example.com,"610 Anderson Way Apt. 015
New Melissatown, AK 13804",1994-08-04
George Davis,belljeremiah@example.net,"297 Donna Stream Apt. 824
South Carla, MT 55766",1951-10-07
Misty Clark,greenwilliam@example.com,"27586 Carol Spur Suite 140
Seanside, HI 08991",1911-03-25
Gabriel Lopez,brianna63@example.org,"4941 Hernandez Cape
Haynesfort, KS 64095",1917-09-24
Diane King,john31@example.org,"79388 Abbott Pass Suite 745
Sanchezfurt, IN 74301",2016-02-13
Jennifer Kline,mark79@example.net,"48975 Lacey Road
Port David, IN 26887",1912-06-28
Kevin Mason,smithrobin@example.com,"PSC 9419, Box 9206
APO AA 29380",1982-03-11
Deborah Oliver,rubenparker@example.net,"6453 Shelton Mountain Suite 421
Hancockview, TN 97493",1986-08-01
Lauren Burns,osborneclinton@example.com,"7306 Nunez Passage Apt. 539
Collinsberg, SC 28470",1951-10-23
Bernard Walton,katherineparker@example.com,"422 Gray Village
East Josephton, GA 21575",2004-06-06
Jeremy Baird,lawrence47@example.com,"029 Rivera Square Suite 038
Tonyton, VI 29888",1951-08-05
Daniel Lawrence,richardsonjonathan@example.org,"384 Smith Port
Donaldton, MH 30418",1928-09-25
Nathan Thompson,penningtondavid@example.com,"5386 Dickerson Rapids
West Jamesbury, MT 86262",2016-10-07
Christopher Ross,kirkvang@example.org,"0655 Paul Road Apt. 461
Velazquezland, WV 39509",1956-11-28
Aimee Miller MD,wardnancy@example.net,"479 Jackson Pass
New Nancyhaven, WV 35929",1971-01-28
Timothy Williams,zharper@example.org,"6263 Andrew Cape
Katiefurt, IL 82671",1942-11-03
Mr. William Benjamin,blakewhite@example.com,"16813 Franklin Summit
West Lawrenceburgh, CT 09047",1966-06-11
Brandy Martinez,jacksonstacey@example.net,"1802 Cassidy Plaza
Nguyenfort, NH 00576",1966-11-15
Samantha Oliver,wardcharles@example.net,"4248 Garcia Squares Apt. 334
Zacharymouth, AZ 71702",2011-02-20
William Williams,rcurry@example.org,"21767 Smith Ranch
New John, NY 05519",1910-08-24
Javier Espinoza,brandon11@example.org,"0919 Hubbard Spurs
Port John, NV 54634",2016-09-27
Holly Watson,kelleykristy@example.com,"1701 Williams Track Apt. 756
North Micheleton, RI 04898",2007-10-04
Sharon Hill,stacy98@example.org,"239 Jeffrey Terrace
Jasonland, AL 56083",1919-06-10
James Mcclure,vgutierrez@example.com,"98231 Brandon Gardens Suite 163
North Danielle, NJ 94642",2009-10-21
Teresa Washington,amanda34@example.org,"489 Amy Shores Apt. 307
Port Victor, KY 20353",1928-07-01
Devin Church,lawsonbarbara@example.org,"USCGC Sanchez
FPO AA 74652",1980-04-05
Sarah Lloyd,jonesjohn@example.org,"23969 Caroline Meadow
Annburgh, RI 35022",2022-05-06
Kevin Powell,karenbarr@example.org,"8349 Jason Dale Suite 867
East Jason, NJ 84646",1953-11-25
Omar Smith MD,sextonraymond@example.com,"743 Perkins Gateway
West Sheila, NY 91097",1950-01-29
Joseph Lopez,jenniferturner@example.net,"85997 Joseph Dam
Melissatown, MT 55930",1913-01-01
Eric Barker,psmith@example.org,"02782 Lowe Trail
New Marcoville, LA 79920",1938-09-05
Andrea Silva,srice@example.com,"28555 Jennifer Trail
Jefferyview, IN 74125",1946-11-09
Eugene Hayes,milesheather@example.com,"5445 Snyder Cliffs
Port Angelaport, WY 15890",2001-06-05
Amy Pierce,nathaniel51@example.net,"439 Ochoa Stravenue
Port Tyler, RI 40004",1945-09-13
Thomas Decker,ulee@example.com,"75025 White Ferry Apt. 715
Port Kurt, PR 29629",1945-02-28
Jill Cannon,kayleestewart@example.org,"2992 Webster Run Apt. 723
Curtisstad, AK 18957",1998-10-14
Felicia Jennings,christina05@example.com,"01823 Holly Cliffs Apt. 363
Martinezton, CO 10175",1938-06-06
Ryan Ruiz,castanedashelley@example.com,"9370 Solis Camp
Cesarville, NE 72247",1911-12-25
Eduardo Williams,lisa77@example.com,"52143 Noble Locks Apt. 770
South Laura, MA 83802",2010-04-20
Chase White,maria01@example.com,"348 Silva Cliffs
Denisemouth, VA 11606",1937-02-06
Erika Herrera,jonesraymond@example.org,"Unit 7400 Box 3062
DPO AE 00918",1921-02-01
Michael Miles,watsoncody@example.com,"6185 Higgins Port
South Jessicaborough, FL 75135",1992-01-27
Brian Ruiz,bowenzachary@example.com,"136 Jennifer Spring
Port Justin, PR 50998",1964-11-03
Jeffrey Munoz,susan55@example.org,"344 Christina Estates
Justinchester, FL 72561",1939-03-19
John Matthews,josephortiz@example.com,"PSC 7224, Box 1973
APO AE 71820",1983-03-25
Jessica Mathis,richard22@example.net,"8525 Johnson Mall Suite 059
North Kevinview, MD 49085",2005-08-03
Stephen Carter,ydawson@example.net,"18053 Daniel Junction Suite 603
Lake Shane, VI 89425",2011-04-06
Kayla Berry,bartontraci@example.com,"484 Bradshaw Forge Suite 346
Nicolechester, WI 89036",1981-04-26
Brianna Henderson,xmoon@example.com,"7368 Michael Centers Apt. 902
Bakerport, LA 61614",1937-12-10
Danielle Johnson,ryan58@example.org,"USS Williams
FPO AA 27294",1942-12-18
Amber Miller,owheeler@example.com,"8171 Lauren Plain Apt. 234
Youngchester, CO 45535",1936-08-14
Cynthia Bruce,daniel32@example.org,"90393 Anita Lodge
North Kennethfort, MH 08436",1966-04-23
Mrs. Victoria Lewis,owolfe@example.net,"92050 Lynn Plaza Apt. 313
Watkinsland, LA 95260",1966-03-26
Brian Guerrero,maynardsarah@example.org,"940 Hunter Knolls Suite 009
Port Jesseville, DE 58568",1998-04-20
Chad Eaton,kathleenhart@example.org,"11327 Nichols Extensions
Williamstown, RI 02131",1912-08-16
John Fleming,dbrewer@example.com,"46674 Wells Prairie Apt. 233
Masonmouth, ND 87551",1926-11-27
Janice Harper,marcus73@example.org,"0771 Best Junction Suite 232
North Michaelfurt, IN 89960",1983-01-31
Amanda Matthews,mendezmichael@example.org,"1386 Jamie Prairie Suite 655
Port Amandamouth, MP 66604",1928-11-27
Allison Jones,gortiz@example.org,"20236 Malone Extensions Suite 639
East Christy, OR 98991",1910-04-13
Raymond Rogers,qramsey@example.com,"626 Vicki Trafficway
Luisport, CA 74664",1989-12-01
Joshua Koch,millermegan@example.net,"6363 Victoria Point
East Brookemouth, KY 49247",2011-03-22
Patricia Jones,erikestes@example.com,"100 Mccarthy Isle Suite 526
Jefferystad, IA 53079",1938-07-02
Lori Wood,tracyhorton@example.org,"1996 Erin Mount Apt. 273
West Margaretfurt, MA 93578",1975-12-24
Dawn Riley,nicolegriffith@example.org,"Unit 8473 Box 7980
DPO AP 61981",1920-12-23
Shawn Swanson,pattersondylan@example.com,"979 Jennifer Ville
Josephborough, NY 79903",1940-12-04
Wayne Shaw,jeffery81@example.org,"1218 Williams Streets Suite 840
Lake Melissa, NJ 56160",1926-03-07
Jeffrey Haynes,ldeleon@example.net,"0055 Wall Shores Apt. 629
North Andrew, CO 43131",1947-05-13
Jason Foley,hawkinsjeremy@example.net,"860 Baxter Landing
New Miguelside, MA 51754",1980-10-18
Anthony Day,zharvey@example.net,"757 Roberta Meadow
Johnshire, PW 94705",1995-06-18
Jessica Lin,daniel86@example.net,"04538 Hatfield Lodge Suite 531
Kimberg, SD 27167",1980-02-10
Sharon Crawford,kari31@example.org,"767 Christopher Junctions Apt. 851
Port Cheryl, IN 40836",1997-11-02
Laura Collins,awilliams@example.net,"646 Alex Via Suite 721
Simonbury, MN 63043",2013-10-25
David Guerra,robertsmith@example.net,"266 Salazar Station Suite 085
Port Amymouth, TN 50872",1989-05-13
Gary Powell,osmith@example.org,"3370 Alvarez Brooks
New Sandraview, AZ 33472",1921-07-07
Darrell Price,joseph90@example.org,"311 Long Ranch Suite 831
Adamport, CT 10238",1915-07-24
Patricia Adams,sbranch@example.org,"76569 Jason Crest Apt. 268
Petersonville, LA 62074",1921-09-24
Thomas Kaufman,uweeks@example.net,"PSC 1614, Box 7248
APO AA 86321",1920-07-11
Debbie Vargas,jimpowell@example.org,"96715 Lindsey Place
Matthewsmouth, TN 72909",2013-02-09
Ann Rivera,xduncan@example.com,"54389 Tracie Stream
Vincentport, WI 20430",1963-12-19
Lisa Winters,johnhernandez@example.net,"2981 Isaac Curve
Reyesshire, MI 68580",1951-01-27
Haley Jones,natashawall@example.com,"970 Benjamin Street Apt. 097
Burnettside, WA 31759",1970-04-01
Vincent Smith,tonya40@example.com,"951 Rebecca Circle Apt. 322
Cindyburgh, MT 77395",2001-07-05
Diane Good,johnpittman@example.org,"7434 Thomas Tunnel
West Laura, AL 85133",1909-03-06
Rebecca Miller,johnsoncolin@example.org,"8424 Danielle Locks
Laurenstad, FM 91950",1960-12-08
Timothy Watson,mollymiller@example.net,"5337 Emily Underpass
Sarahville, NC 22685",1965-10-20
Glen Baldwin,paulpaige@example.org,"97950 Silva Turnpike
East Joseph, MD 84889",1994-04-06
Ryan Douglas,donnarobertson@example.org,"487 John Ramp
Millermouth, CT 25307",1972-11-26
Jeffrey Roberts,timothyanderson@example.org,"54231 Smith Shore Suite 931
Lake Thomasville, HI 77189",1963-05-04
Michael Anderson,michaelthompson@example.org,"291 Savannah Cliff Apt. 919
South Christinaton, NH 24071",1914-04-17
Jonathan Winters,wadeamy@example.net,"55566 Stanton Viaduct Suite 551
Rachelland, ND 68995",1947-01-18
Jennifer Holt,hallkelly@example.net,"4998 Page Drive Suite 795
South Monicaside, LA 96073",1952-05-15
Zachary Adams,fosteramanda@example.com,"081 Laurie Mission
South Ann, VI 75822",1991-10-25
Dustin Weiss,amy47@example.org,"PSC 1285, Box 9715
APO AP 99016",1946-05-02
Mary Lucas,victoria05@example.org,"420 Kirk Ridges Apt. 574
West Barbarachester, IA 46817",1924-10-31
Jacob Johnson,isabellamyers@example.com,"299 Sanford Via
Cantufurt, NH 93854",2006-08-19
Tracy Salinas,nataliechristian@example.org,"249 Laura Stream Apt. 613
Khanstad, WI 41312",1968-06-30
Michael Gill,brandoncollier@example.org,"50369 Natasha Haven Apt. 523
Lake Adrianmouth, IN 73477",1939-05-12
Jesse Hawkins,bradywalsh@example.com,"0542 Mejia Circle Suite 739
East Ericmouth, PA 81673",1991-09-27
Jeffrey Santiago,thiggins@example.com,"29786 Robbins Ports Suite 964
New Andrea, WI 05405",1969-10-15
Daniel Jackson,fdavis@example.net,"5245 Anthony Crossroad Apt. 186
North Angelaview, PR 19130",1918-07-24
Jonathan Harris,smithmichael@example.com,"39414 Daniel River Apt. 848
Gonzalezville, AZ 67863",1948-01-29
Jared Phillips,elizabeth15@example.com,"9798 Denise Fields Apt. 391
Lake Joseph, IL 97765",1920-08-19
Alex Chavez,tstevens@example.net,"PSC 5442, Box 7245
APO AA 21525",1995-09-28
James Garcia,hunterhector@example.com,"Unit 0575 Box 2965
DPO AP 23412",1922-09-23
John Wilson,bennetternest@example.net,"95139 Julie Ridges Suite 308
East Tyler, AS 04232",1956-07-15
Justin Nelson,uparker@example.org,"84284 Morris Port
Morganmouth, PA 58860",1935-10-16
Scott Jones,ericarodriguez@example.com,"Unit 3335 Box 6068
DPO AP 53485",1953-07-28
Faith Weeks,stephanie96@example.net,"5226 Annette Stream Suite 273
Henrymouth, AZ 46866",1966-10-17
Catherine Brennan,speterson@example.net,"USNS Donaldson
FPO AA 06751",1927-10-28
Emily Price,jamesvasquez@example.org,"31917 Stacey Corner
East Alicia, AL 84429",1931-05-02
Jonathan Greene,wattsmichelle@example.org,"USNV Brown
FPO AP 72026",1945-06-14
Luke Frank,taylorapril@example.net,"884 Taylor Prairie Apt. 469
South Mistyshire, WV 21789",1966-08-26
Walter Williams,blevinsdeanna@example.org,"378 Kristen Wall Apt. 976
Lake Nicholasbury, NJ 40053",1983-02-04
Robert Lambert,yfox@example.net,"02935 Robinson Plains
Hintonchester, WA 58275",1913-07-20
Tina Mann,daniel29@example.net,"27223 Stark Isle
Parkermouth, WI 18133",1985-12-01
Valerie Joyce,hayescynthia@example.net,"0510 Caldwell Loaf Apt. 759
South Amyfort, WY 40423",2003-03-20
Jordan Casey,mannkimberly@example.net,"10373 Steven Loop Apt. 054
Laurentown, KS 34597",1919-08-17
Daniel Sanchez,sarahavila@example.net,"0472 Oliver Inlet Suite 983
Wattsview, MI 67773",2022-06-23
Gregory Brown,mmoore@example.org,"010 David Rapids
Whitneyland, WI 04245",2001-07-31
Michael Cain,harpermichael@example.com,"934 Nelson Stream
Yatesfort, NV 42098",1969-08-16
Shelly Manning,rboyle@example.org,"600 Russell Port
Claudiastad, TX 72037",1972-10-08
Chad Ware,christopherpugh@example.org,"455 Hunt Village Apt. 888
Earlshire, HI 13367",2013-08-21
Jennifer Shaw,oweber@example.net,"844 Angela Prairie
New Paul, OR 91512",1991-02-25
Colleen Mcdonald,fryejohn@example.net,"3778 Carolyn Lodge Apt. 588
East Charlesburgh, OK 43695",1987-06-14
Shane Hahn,petersondouglas@example.org,"3578 Jake Groves Suite 124
Hansonshire, WI 31280",1946-01-09
Jenny Hines,djohnson@example.com,"7355 Kristen Mountains Apt. 854
Kyleview, NC 90021",1961-09-11
Julia Mata,gortiz@example.net,"08643 Rivera Coves
Chandlermouth, NC 47823",1986-01-16
William Hurley,wardsean@example.org,"PSC 4692, Box 8319
APO AP 02708",1994-12-22
Troy Summers,rachel60@example.net,"0798 Scott Ramp
West Jamesberg, MP 98919",1952-09-10
Jo Barrett,jessica39@example.com,"PSC 0893, Box 9331
APO AP 04365",1936-02-28
Seth Nunez,williamsnatasha@example.org,"7386 Ingram Street Apt. 277
Sheilaborough, MI 96479",1981-01-16
Stacey Jarvis,kylefoster@example.org,"Unit 2587 Box 0592
DPO AP 10639",1966-02-19
Alison Smith,johnbarnett@example.net,"083 Ross Trail
Michaelville, AS 18285",1928-07-25
Kayla Jones,deckerjennifer@example.org,"775 Gutierrez Harbor
East Jason, TN 80545",1927-06-08
Olivia Welch,latoya07@example.org,"559 Flores Extension
Zacharyburgh, GU 95731",1977-11-27
Heather Brown,elizabethadams@example.net,"222 Mark Avenue
New Marciaton, NV 08758",1981-03-02
Jason Fleming,paul79@example.org,"796 Cuevas Lodge Suite 987
Coxton, CA 85061",1944-05-14
Tiffany Nguyen,justin16@example.org,"USNS Clarke
FPO AE 30013",1942-11-24
Jason Pacheco,jenkinskatrina@example.net,"Unit 4402 Box 1533
DPO AP 13499",2012-01-20
Ruth Cortez,mkim@example.org,"23002 Taylor Unions Apt. 441
Port Tinatown, MP 25781",2011-11-14
Brenda Davis,dmoore@example.com,"34102 Hodges Branch Apt. 958
Joshuamouth, AS 15215",1931-03-19
William Smith,wcohen@example.org,"94465 Baker Highway Suite 460
South Matthew, DE 49524",1921-10-19
Cheryl Novak,oliverbeverly@example.net,"522 Bryan Way
Rickside, RI 06818",1918-10-03
Daniel Allen,deandevon@example.org,"46854 Little Knoll
West Kathybury, AL 46835",1913-10-17
Glen Bradford,jasonhuynh@example.com,"72769 Elizabeth Dale
Port Jason, CA 04190",1999-07-10
Amy Williams,gdawson@example.net,"USNV Weber
FPO AP 58440",2000-08-06
Elaine Walsh,susan35@example.net,"4300 Maria Forges Suite 386
East Susanstad, AL 42957",1994-05-23
Michael Hubbard,lmorgan@example.com,"Unit 1875 Box 7384
DPO AA 59103",1990-07-14
Brian Morales,allisongallagher@example.com,"0964 West Ways
Rangelmouth, CT 44539",1991-02-22
Michaela Morales,bradleyaustin@example.com,"47937 Michelle Bridge
Angelaville, MH 69883",1968-02-06
Christopher Stewart,yperez@example.org,"624 Matthews Fork
Robertburgh, MP 87343",1972-10-29
Hannah Jenkins,maria33@example.net,"11627 Steve Club
Michaelville, GU 49229",1931-04-06
Jasmine Norman,nathanscott@example.org,"41859 Bailey Terrace Apt. 956
Jensenchester, MN 30005",1968-01-30
John Hernandez,anita43@example.com,"931 Baker Oval Apt. 106
Lake Joy, FL 05527",1992-06-16
Amanda Montgomery,imunoz@example.com,"14614 Hubbard Station
New Hannahfort, ID 30975",1936-05-31
Latoya Newman,eturner@example.net,"744 Marshall Forest Suite 606
Port Jeffrey, VA 30405",1977-11-10
Gina Johnson,jamesnash@example.net,"743 Eric Valleys Apt. 124
West Michaelville, NC 29352",2007-01-09
Eric Keller,bradflowers@example.com,"24325 Compton Walks
New Jessica, IL 19686",1945-10-16
Alexander Gilbert,nataliewatts@example.com,"99622 Rogers Ports
Gilmorehaven, IL 11416",1947-09-07
Joseph Collins,jrodgers@example.net,"55886 Knapp Via
Lake Heatherburgh, GA 60301",1971-06-28
Brandi Mccullough,bcallahan@example.net,"1642 Jacob Flats Apt. 146
Marquezchester, VT 33846",1999-01-07
Nicole Brown,adriana01@example.net,"7487 Mary River Apt. 709
Juanton, GA 87435",1993-07-08
Anthony Allen,pearsonann@example.com,"87912 Anderson Manors Suite 480
Rodriguezburgh, OK 40137",1949-10-04
Shirley Rivas,dustinmorris@example.com,"005 Mcmillan Turnpike Apt. 878
West Keithside, WA 41263",2000-11-01
Colleen Gonzalez,kjennings@example.org,"4112 Porter Ford
North Sethchester, UT 63013",1913-07-12
James Stone,jessica45@example.net,"3094 Frank Orchard
East Miguelland, TX 05675",2000-08-02
Jean Salazar,salinasdanny@example.org,"611 Peterson Island Suite 265
Forbesstad, MO 71097",1949-07-07
Stacey Burns,kerrijohnson@example.org,"Unit 2083 Box 8205
DPO AP 80567",2023-05-24
Katrina Cruz,carlsonlaura@example.com,"7080 Whitney Bypass Suite 631
Robbinsborough, DE 71214",1974-03-09
Blake Leblanc,graystanley@example.net,"56739 Lisa Grove Suite 179
Port Brianville, OH 17836",1948-04-02
Melissa Johnson,gregorywright@example.net,"PSC 8863, Box 1059
APO AP 06180",1910-12-12
Allison Summers,laura71@example.org,"6640 Catherine Square
Nelsonburgh, VA 92407",1955-08-20
Christopher Contreras,jacobmendez@example.com,"994 Sullivan Cape Suite 222
Burtontown, NY 90016",1954-07-21
Robert Henry,hrobinson@example.net,"568 Keller Camp
Marshallton, GA 02495",1924-02-13
Janet Franklin,jferguson@example.com,"01003 Rick Fort
Lake Timothytown, MI 25828",1945-01-23
Alex Holt,lisa36@example.net,"90020 Porter Islands
New Amyview, NV 76113",2001-04-13
Scott Zamora,porterlisa@example.net,"566 Kathleen Mountain Suite 187
Cobbfort, PW 13907",2013-08-21
Christopher Sanchez,samantha35@example.org,"253 Walters Heights
East Erikaton, ND 02987",1918-12-04
Derek Wright,fritzdouglas@example.net,"PSC 6166, Box 3317
APO AE 55360",1991-10-07
David Taylor,williamsemily@example.org,"911 Ian Stream Apt. 085
Caitlinstad, GA 21975",1922-09-09
Zachary Johnson,jeffreyrodriguez@example.com,"278 Andrea Skyway
Lake Jamestown, IL 05751",1954-04-26
Tamara Jacobs,walshwilliam@example.org,"40101 Cynthia Estates
New Jason, GU 32907",1971-06-22
Sydney Keith,vincent27@example.com,"3176 Wall Ways Suite 423
Alexisstad, DC 16867",1969-11-13
Jennifer Jackson,jwoodard@example.org,"3176 Kelly Forges Suite 830
Lake Donnafurt, CT 54573",1999-07-16
Peggy Hansen,nicolerivera@example.org,"PSC 0649, Box 2667
APO AA 61067",1909-03-16
Jessica Hart,andrew83@example.org,"87633 Hannah Court Suite 282
Williamsstad, NV 30671",1930-06-05
Michele Bond,alanpalmer@example.net,"77720 Hicks Extensions Apt. 459
New Michaelchester, PA 88925",2002-09-30
Joseph Weber,pjones@example.net,"36931 Higgins Rest Suite 496
Amyfurt, NE 59261",1973-07-20
Pam Payne,stucker@example.org,"7472 Strong Inlet Apt. 660
West Calvin, SC 27302",1918-02-08
Christine Martinez DVM,michaelfrank@example.org,"17478 Jimmy Common
Morganland, OR 51374",1921-11-14
Nathan Miller,jenningsbenjamin@example.com,"161 Garza Corners Apt. 664
South Melindaville, LA 23979",2014-09-25
Kim Young,adamscameron@example.com,"12824 Davis Well
Kochside, WI 31704",1939-01-17
Jessica Cole,bairdmason@example.com,"9055 James Curve Apt. 984
Port Dianeburgh, MH 29625",1967-08-18
Alan Larson,kimberly00@example.net,"2837 Joseph Plains Apt. 448
West Christine, AL 85476",1946-07-11
Margaret Jefferson,jason35@example.org,"471 Rhodes Corner Suite 649
Clarkburgh, MD 64506",2006-08-07
Miss Rachel Hunter,usmith@example.com,"98529 Anderson Rue
New Garyside, WI 26646",1938-06-14
Garrett Price,hmurillo@example.com,"295 Preston Overpass Suite 649
West Ryanfurt, OK 49262",2006-11-16
Mary Davidson,ataylor@example.net,"40572 Little Forks
Josephstad, MN 12921",1929-12-24
April Schneider,paul50@example.org,"Unit 1048 Box 5041
DPO AA 98649",1951-09-18
Teresa Morgan,kelleyryan@example.com,"301 Jill Coves
Janethaven, ME 02249",1977-06-24
Jacqueline Martin,browngrace@example.net,"838 Acosta Alley Apt. 025
New Jennifer, VA 80309",1919-05-05
Jacob Smith,ethanmorrow@example.org,"57929 Smith Fork
Seanberg, NC 65740",1975-01-23
Kara Cruz,cassidy94@example.org,"59869 Steven Neck Suite 537
East Nicholas, CT 56554",2004-10-24
Sherry Wilson,williamallen@example.net,"9981 Michael Expressway
East Camerontown, OK 47456",1999-04-16
Daniel Brooks,arthurwall@example.org,"534 Anderson Rest
Riceshire, IL 40724",1927-06-27
Brian Murray,vbarton@example.com,"4558 Coleman Knoll
Briannamouth, VA 75188",1928-04-05
Paul Johnson,trobinson@example.org,"1121 Mckenzie Stream Apt. 004
Morastad, MS 34824",2016-04-24
Mary Morris,brittany71@example.com,"09423 Campbell Path Suite 210
Lake Amberfort, FL 04910",1963-10-10
Richard Diaz,robinshannon@example.net,"10425 Johnson Expressway
Codyport, ME 08239",1954-02-23
Kathryn Martin,brownbridget@example.net,"5708 William Fields Suite 467
West Michaelton, KY 74389",1954-06-09
Chad Sanders,danielrodriguez@example.net,"563 Bailey Wall Apt. 983
Port Davidmouth, WV 15028",2006-02-17
Gregory Sanders,jessicaferguson@example.net,"51703 Beth Station Apt. 995
Lake Karen, KS 92773",1958-08-31
Michelle Good,twilson@example.com,"343 Brandon Walks
Morganhaven, TX 90568",1982-06-30
Bradley Peck,laurabrown@example.com,"747 Charles Parkways Apt. 372
Moralesmouth, LA 55121",1965-05-01
Christine Sanders,hudsonshaun@example.org,"7386 Mary Valley Suite 812
Port Jamesborough, ND 98710",1973-05-09
Raymond Zavala,sberger@example.com,"PSC 3552, Box 1573
APO AP 47569",1950-08-09
Cassandra Thompson,obailey@example.com,"6806 Sabrina Falls
South Lauren, NH 39409",1948-11-12
William Calderon,dsmith@example.com,"69361 Evans Rapids Suite 009
Kingland, IL 28362",2015-11-12
Jeffrey Davis,claudiawilliams@example.org,"2337 Kevin Mill
Debraport, AS 19757",1953-11-02
Jeffrey Morton,dcohen@example.net,"915 Javier Shores Suite 678
North Travis, ME 28264",1934-01-07
Joseph Rivera,kevin22@example.com,"2979 Walls Avenue Suite 409
Kyleport, FL 85197",1915-12-06
Alexandra Hanson,david70@example.org,"43574 Ashley Cove
Stewartfurt, MN 17158",1975-07-28
Michelle Johnson,hamiltonreginald@example.net,"6111 Jones Station Apt. 667
Gonzalezberg, ID 18650",1974-10-02
Stephanie Williams,william12@example.net,"PSC 8266, Box 7266
APO AE 83184",1909-09-04
Heather Davis,otodd@example.org,"4985 Michael Hills
West Johnport, SC 88072",1936-05-01
Mr. Blake Houston,aford@example.net,"53846 Lloyd Unions
Port Danmouth, MI 17425",1989-04-24
John Wright,tammyortiz@example.net,"5865 Daniel Plain
Burgesschester, MI 12183",1992-07-14
Stephanie Poole,fthomas@example.net,"20974 Taylor Club
Walkerview, WY 34925",2005-06-29
Jennifer Gardner DVM,ryansantiago@example.org,"2328 Matthew Springs Suite 595
Aliciaton, MT 69193",1941-06-27
Kari Gomez,sheilakelly@example.org,"0334 Jose Route Suite 202
Port Tracystad, ND 71183",1961-06-12
Ashley Perez,leahharvey@example.net,"03235 Erin Rest Suite 646
Dianeview, PA 76035",1992-09-29
Leon Brown,alyssa12@example.net,"209 Wallace Orchard
Donaldport, RI 92385",1938-08-16
Katie Salazar,ugriffin@example.org,"57338 Ali Plains Apt. 724
New Trevor, AS 11935",1983-09-12
Andrew Potts,amber73@example.com,"950 Ball Roads Suite 279
Harperport, MP 42330",1985-01-07
Jessica Flores,colton02@example.com,"56970 Mullins Fork Suite 185
New Chaseberg, IA 24672",1959-10-06
Derrick Day,watsoncarrie@example.com,"57838 Lopez Heights Apt. 141
West Julie, ID 38863",1917-02-03
Brian Adams,cathylambert@example.com,"PSC 9583, Box 7108
APO AA 88801",1930-05-12
Wesley James,ayersjessica@example.com,"92041 Jeffrey Walk
Lake Elizabethburgh, NC 93834",2007-06-16
Manuel Chandler,uking@example.org,"58971 Scott Unions Suite 771
West Scott, FM 19067",1912-06-21
Kelly Gonzales,ucox@example.net,"113 Myers Orchard Suite 690
West John, WI 04443",1996-05-05
Debra Jensen,john97@example.org,"803 Tamara Views
Erikbury, LA 64421",1965-12-14
Rachel Clements,michael43@example.com,"848 Thomas Hollow
Bartonside, IL 43265",1999-01-11
Matthew Arnold,walteradam@example.org,"96008 Lucas Burg Apt. 072
Flowershaven, ND 50884",1995-03-11
Michele Warren,michaelmurray@example.net,"161 Schaefer Glen
Sonyachester, MA 61207",2000-09-26
George Ford,jaime28@example.org,"USNV Soto
FPO AP 90130",2010-10-13
Stephanie Wilson,travislopez@example.net,"613 John Dam
South Misty, NJ 59428",1966-10-21
Michael Davis,ybrewer@example.org,"79857 Riddle Extension Apt. 079
East Brandonview, OH 47241",1995-07-05
Ashley Smith,zachary20@example.com,"25218 Ethan Field Suite 116
Heathertown, MA 23969",1915-03-08
Terry Jimenez,karihenderson@example.com,"44663 Tonya Divide
Karenburgh, SD 59745",1958-05-18
Christine Clark,jensenlauren@example.net,"3578 Christopher Harbors
Michaeltown, VA 67368",2016-08-22
Patrick Glenn,enielsen@example.com,"449 Perez Place
Jenniferchester, MP 44624",1909-07-13
Carolyn Lynch,michellegarcia@example.org,"5405 Oneill Extensions Apt. 164
Jacquelineberg, DC 84576",1919-11-27
Margaret Klein,zolsen@example.net,"98589 Thompson Rapid Suite 125
Meganmouth, GA 68947",1986-04-23
George Reed,paullynn@example.net,"USNV Johnston
FPO AE 38961",1925-08-13
Jennifer Holloway,fletcherbrian@example.org,"USS Hancock
FPO AE 49961",1964-10-08
Gary Lowe,watsondanielle@example.org,"91457 Collins Village Apt. 228
West Shariside, MD 46761",1995-01-04
Reginald Miller,mark21@example.com,"USCGC Hansen
FPO AA 92564",1993-01-23
Charles Navarro,judith77@example.com,"3758 Sarah Shoals Apt. 225
Thorntonberg, MO 14257",1987-07-22
Ryan Weiss,navarrokevin@example.net,"PSC 8473, Box 4671
APO AP 74799",1936-03-18
Jennifer Mays,katie37@example.net,"17331 Perry Squares Suite 374
Bakerfurt, AL 99250",1918-10-19
Phillip Rowe,timothy97@example.org,"2519 Sloan Field Apt. 911
West Ellen, AR 66038",2022-03-11
Aaron Phillips,debbie18@example.org,"48651 Smith Plaza
Lake Russellfort, WY 77569",1982-03-07
Matthew Moore,angel40@example.com,"500 Moore Course
Aliciashire, DE 40964",1956-07-03
Tara Ho,christophergallegos@example.com,"343 Ariana Mill
New Brent, FL 98061",1924-09-20
Jason Brown,lindsay68@example.org,"Unit 6090 Box 2344
DPO AP 57518",1998-09-26
Nicholas Koch,briana89@example.net,"USNS Williams
FPO AE 32198",1934-10-10
Patricia Rivera,lanechristina@example.com,"81412 Shannon Island Apt. 071
East Douglasfurt, MO 09372",1963-09-17
Susan Calderon,jessicamcneil@example.org,"76904 Barbara Manors
Bethanyberg, MI 27918",1988-04-27
Angela Callahan,mwilson@example.org,"USNV Martinez
FPO AE 72745",2021-01-15
Kevin York,lemelissa@example.com,"PSC 1799, Box 4357
APO AA 66938",1987-01-14
Mrs. Andrea Eaton,juanchavez@example.org,"1582 Ross Divide
West David, GU 64689",1988-03-29
Martha Smith,deborahmartin@example.com,"66266 Christopher Squares
Shannonhaven, IN 12023",1913-06-11
Anthony Gray,bcooper@example.net,"89209 Mary Gateway Suite 133
New Stephanie, MP 39182",1934-01-24
Heather King,walterderek@example.net,"700 Ramos Brook
North Danielmouth, GA 71098",1981-06-08
Scott Butler,georgejennifer@example.net,"1554 Joseph Walk
Amandamouth, MH 59405",1978-04-15
Victoria Sullivan,stevenstanton@example.com,"7686 Amanda Valleys Suite 949
South Curtis, MP 13766",1979-03-28
Dr. Robert Daugherty Jr.,heidi61@example.org,"71479 Darren Springs Suite 457
South Thomasshire, HI 60546",1914-05-25
Javier Cummings,angelashaffer@example.com,"3373 Johnson Pass Suite 737
New Elizabethburgh, WV 22269",1938-08-30
Jared Vasquez,seanlawson@example.com,"33768 Tyler Pine
Lake Sallyshire, MI 23360",1999-05-03
Mary Meyer,bryanpetty@example.org,"12743 Li Bypass Suite 257
East Joshua, PR 37004",2016-05-21
Ms. Tammy Conley DDS,bakerwhitney@example.org,"USCGC Baker
FPO AA 11415",1924-11-07
Thomas Hernandez,snyderdawn@example.com,"391 Gutierrez Rue
New Laurenmouth, NY 03704",1967-11-09
Alejandro Crosby,dbutler@example.net,"79412 Susan Avenue Suite 575
West Susanland, CT 56152",2003-01-05
Kevin Wiggins,williamsallen@example.org,"466 Kelly Viaduct
North Melodybury, CT 98138",2006-01-26
Justin Tyler,wlucas@example.com,"8462 Morgan Cape
West James, OK 73229",1922-08-05
Michelle Mcgee,wharris@example.com,"32641 Reyes Courts
Walkermouth, NM 42032",2015-02-15
Sarah Lee,smithtiffany@example.com,"0497 Katie Mount Suite 240
Millerfurt, PA 94036",1936-01-26
Samantha Green,jimmy73@example.net,"44424 Ivan Camp
Nortonview, GA 27188",1930-05-07
Manuel Brown,robertmiller@example.net,"304 Williams Islands Apt. 918
Lewismouth, AS 39988",1955-09-16
Kylie Morris,kenneth70@example.com,"92659 Chelsea Skyway
West Nicholas, NY 77574",2023-10-22
Stephanie Wilson,brownjessica@example.com,"090 Hicks Tunnel
Port Stephanie, WA 91566",1928-05-24
Caitlin Stone,annettewilkins@example.com,"Unit 6567 Box 4422
DPO AE 95840",2009-05-09
Brandy Cannon,laurawalters@example.org,"53923 Richard Ferry
North Margaret, OH 55518",1983-11-25
Mary Lozano,kellykramer@example.net,"276 Leslie Key
South Francisco, OH 42972",2019-07-31
James Aguirre,hensonnancy@example.net,"PSC 2925, Box 3110
APO AA 61993",1943-10-04
Timothy Parker MD,rachel31@example.net,"001 Steve Pines Apt. 019
North Melissa, MT 38589",1995-02-25
Dr. Grace Sanchez,jessica88@example.com,"634 Castro Mountain
Chelseastad, SD 46251",1971-04-11
Julie Hodges,rickygallagher@example.org,"2022 Michael Manor
Sullivanside, MD 77948",1930-08-22
Jennifer Williams,jonathangross@example.net,"20960 Amanda Mall Apt. 073
Wrightside, FL 61742",1948-09-22
Lisa Fritz,vazquezpeter@example.org,"684 Nancy Keys Suite 607
Austinstad, ID 51310",2020-12-03
Amanda Black,kyleowens@example.org,"330 Todd Cliffs Apt. 414
South Tiffany, MH 80671",1957-05-17
Joseph Conway,john17@example.org,"1040 Perez Isle
Johnsontown, MT 32028",1935-05-01
Jill Howard,ogonzalez@example.net,"43231 Robert Flat
Lisahaven, AL 23644",1908-06-24
Shane Parrish,anne49@example.net,"06215 Donald Mountains
New Damonstad, ID 65347",2010-06-15
Aaron Brown,sanderscole@example.net,"39133 Kevin Summit Suite 782
Beckerchester, NC 84630",1988-02-15
Gregory Brown,michaeldavis@example.org,"6558 Kathy Wall Suite 440
North Hectorfort, WA 58980",1916-08-16
Cassandra Schwartz,hwalters@example.org,"64697 Zavala Meadows Suite 221
Kingfurt, VI 32642",2006-08-21
Heather Guzman,masonshelly@example.com,"7242 Annette View
Ashleystad, UT 76882",2002-07-24
Stephen Smith,brownshannon@example.com,"0007 April Center Suite 053
Chelseamouth, KS 94328",2022-11-11
Vanessa Miller,smithrodney@example.com,"976 Cummings Route Apt. 027
Lake Amberland, HI 97708",1925-12-12
Ana Roberts,jamesgregory@example.com,"66805 Chad Track Apt. 692
Rogersmouth, IA 66972",1933-07-27
Jenny Thomas,jodiburnett@example.net,"USNV Simmons
FPO AE 25869",1908-05-13
Charles Bennett,derek04@example.org,"692 Erica Route Apt. 734
Clarkhaven, PR 81989",1982-01-16
Larry Green,nancybrown@example.com,"9704 Nathaniel Forge Suite 487
South Donnastad, FL 41818",2010-08-26
Emma Vega,amygregory@example.com,"Unit 2925 Box 7150
DPO AA 74182",1967-11-24
Michelle Gonzalez,kara39@example.org,"20995 Taylor Square
Lake Harold, FL 78268",1909-08-03
Mr. Brett Edwards,jaime61@example.org,"360 Linda Trail
East Theresafort, FL 73572",1979-05-28
Leslie Nelson,chadkramer@example.net,"78360 Cox Mount Suite 471
Diazfurt, GA 86436",1979-08-09
Stephanie Harmon,casey06@example.org,"78318 Sharon Creek
Lake Christinaburgh, WY 34117",1943-09-11
Aaron Harris,markjennings@example.net,"132 Reginald Port
Burtonberg, PW 03524",2016-11-22
Vincent Green,robinsolomon@example.org,"495 Michael Expressway
West Amyfurt, AZ 08684",1967-09-19
Kevin Johnson,kimberly20@example.com,"02900 Hammond Course
Hermanville, SD 40167",2015-06-03
Christopher Davis,fdaugherty@example.com,"PSC 3838, Box 5609
APO AP 20274",2006-06-26
Christopher Mitchell,andersonjoshua@example.net,"04692 Lorraine Flat
Lake Terrance, SD 81044",2005-06-24
Russell Mckinney,ataylor@example.com,"485 Shelton Prairie
Kevinborough, AZ 25069",1941-09-12
Michael Price,ihaynes@example.org,"559 Hunt Harbor
Port Kenneth, RI 30596",2006-01-21
Nicholas Richardson,raydeborah@example.org,"609 Jennifer Radial
West Jeanneburgh, MS 43109",1911-10-17
Cassandra Coleman,xdavis@example.net,"14261 Romero Shores Apt. 577
Charleshaven, WA 63981",1930-09-08
Robert Joseph,olsenjonathon@example.net,"269 Walters Via Apt. 007
Lake Amy, MN 24667",2008-03-08
Shawn Haynes,vegalisa@example.net,"28233 Sanchez Neck
East Traceyberg, KY 97842",1974-07-20
Emily Beltran,xkim@example.net,"4246 William Spur
Nicoleburgh, SC 87855",1980-10-17
Amy Mcfarland,scottkramer@example.com,"11007 Guzman Crescent Apt. 143
Stephanieport, DC 05999",2002-12-10
Heather Stokes,richard73@example.org,"0241 Porter Garden
West Stephenhaven, NE 64408",1976-04-12
Kimberly Young,adamsawyer@example.com,"18727 Douglas Wall Apt. 248
Marioside, NE 19383",2020-12-31
James Wilson,yorkrobin@example.com,"005 Jones Station Apt. 152
Taylorview, PA 59297",1956-02-09
Joseph Benton,martinezbenjamin@example.com,"67603 Brianna Park
West Carrieton, MO 61920",2000-11-08
Meghan Palmer,nancy87@example.net,"PSC 5035, Box 5208
APO AP 77467",1977-10-03
Emily Parker,tross@example.org,"568 Miller Fork
Cherylburgh, AR 02469",1948-03-23
Angela Miller,jenniferpittman@example.com,"0627 Baker Cove Apt. 717
West Jeremy, AK 38655",1963-01-31
Casey Marsh,dustin48@example.net,"4869 Atkins Coves Apt. 700
Port Timothyside, FM 52704",2005-04-12
James Bradley,timothyharris@example.com,"91961 Molly Common
Port Jennifer, TX 27644",1941-05-06
James Mcclain,msmith@example.org,"9896 Jessica Shoal
Port Robert, ND 71173",1936-09-30
Roy Conley,matthewpowell@example.net,"39316 Miranda Underpass Suite 972
Port Matthew, HI 28541",1985-09-12
Justin Nelson,karen20@example.net,"15930 Rhodes Station Apt. 477
West Terry, FL 07845",1949-10-19
Holly Brown,kenneth90@example.org,"08323 Calderon Plaza Apt. 345
Pereztown, KS 59064",1940-04-03
Joseph Mann,petersoncheyenne@example.net,"5411 Brown Village
Johnton, AL 66694",1921-03-07
Carl Carter,tburke@example.net,"6766 Farley Haven
Lake Bobby, MT 86556",2000-11-22
Robert Gibson,lauramays@example.org,"36105 David Locks Apt. 102
East Monica, GA 66023",1935-06-18
Christine Vincent,adickson@example.net,"78431 Vazquez Shore Apt. 483
Williamsland, MS 07588",1935-03-17
Stephen Powell,hvelazquez@example.com,"87162 Sara Union
Christineborough, KS 15685",1914-01-17
Tyrone Martinez,rhanson@example.org,"66662 Moody Track
Millerfort, DE 53807",2009-02-01
Chad Wilkerson,jsingleton@example.org,"1073 Price Divide
Port Jacob, MS 44786",1932-03-06
Ryan Roach,whitelydia@example.net,"768 Stewart Path
North Brandon, FM 68522",1965-03-09
Stephanie Jackson,jacquelineprice@example.org,"7390 Abigail Junctions Apt. 271
Gutierrezton, MH 63783",1915-12-27
Kathryn Allen,tamaraharris@example.com,"53190 Conner Mews
Lake Terri, WI 35029",1963-04-11
Gabriel Chen,richard01@example.net,"423 Fisher Glens Apt. 701
South Teresa, AZ 36366",1926-10-17
Jennifer James,xfischer@example.com,"304 Jacob Lake
Jenniferfort, TN 92375",1966-11-28
Dale Stuart,jasonmay@example.net,"7984 Dawn Extension Suite 386
Annstad, ND 45087",1908-07-07
Nancy Duncan,richard80@example.org,"2458 Jose Crescent
Lisashire, SC 52348",2004-02-28
Calvin Moore,williamgarner@example.com,"USNV Lee
FPO AA 39886",2011-01-18
Hannah Stone,lynchjillian@example.org,"6290 Cook Lane Suite 628
Kimfurt, WI 13379",1961-02-24
Patrick Howard,felicia15@example.org,"26476 Anderson Park Suite 737
Deniseborough, OH 30113",1933-12-06
Elizabeth Johnson,linda06@example.net,"5307 Kristin Port Apt. 449
East Gregory, RI 00775",1946-09-22
Taylor Porter,lrhodes@example.com,"114 Flores Junction
North Davidstad, WV 30574",1925-11-15
April Reese,scott39@example.org,"9942 Russell Fords
Charlesport, TX 91688",1993-07-25
Eric Fox,tylerchapman@example.com,"72742 Dawn Center Apt. 852
Teresachester, RI 11542",1928-09-26
Bonnie Mora,ramirezjennifer@example.com,"Unit 6307 Box 9571
DPO AE 73312",1934-12-08
Zachary Ray,rjames@example.com,"6761 Nelson Summit Apt. 387
New Bryantown, NY 73271",1943-12-06
Jeffrey Moore,thomas51@example.net,"2493 Guerrero Ports Apt. 167
Bakerfurt, KY 51497",2005-01-02
Christopher Montgomery,vincent53@example.com,"983 Stephen Haven Apt. 158
West Jacobmouth, MT 73345",1918-04-04
Alfred Berger,jeangonzalez@example.com,"2947 Simmons Viaduct Suite 647
Bryantmouth, KS 68256",1992-10-30
Natalie Hernandez,linda38@example.com,"USS Walker
FPO AA 66860",1945-11-20
Christopher Mejia,hdavis@example.com,"9534 Charles Views
Martinborough, NE 46476",1927-12-24
Ryan Lane,johnmccormick@example.org,"164 Fox Lodge
Porterfort, FL 93235",2003-11-24
Kevin Wilson,ebridges@example.com,"06061 Samantha Ridges Suite 041
South Thomasfort, PR 19863",1987-07-02
Gina Martinez,loriturner@example.org,"PSC 9501, Box 1596
APO AP 30866",1936-08-18
Christopher Carter,jenniferwaller@example.net,"327 Felicia Hollow
Port Rhonda, ME 16565",1948-12-27
Peter Edwards,larajeffrey@example.org,"12099 Green Expressway
Douglastown, DC 08306",1960-02-08
Sara Estrada,pbanks@example.com,"PSC 0954, Box 7817
APO AE 60294",1979-10-29
Kristen Sampson,amyewing@example.com,"98516 Smith Inlet
Amandaview, MS 66665",1976-06-10
Patricia Watts,uwilson@example.net,"6414 Flores Tunnel
Wardville, VT 19114",1942-12-24
Charles Lawrence,sharon72@example.com,"24173 William Circles
New Timothyfurt, CO 47638",1960-04-05
Richard Chambers,jcervantes@example.net,"Unit 1112 Box 9685
DPO AE 37791",2018-02-13
Grant Johnson,crystalcontreras@example.com,"PSC 9312, Box 5119
APO AE 78567",2011-10-27
Ashley Cooper,debra00@example.com,"327 Schultz Unions
New Dawnport, MN 85383",1968-10-22
Joan Cardenas,scott43@example.net,"PSC 7787, Box 8675
APO AE 95177",1980-12-20
Chad Rodriguez,lynnarroyo@example.org,"107 Kelly Islands Apt. 678
North Michaelhaven, HI 60644",2001-06-17
Eduardo Payne,pamelagraves@example.net,"7896 Lewis Branch Apt. 632
Tonyburgh, MA 50691",1940-06-29
Bryan Schneider,douglas18@example.net,"6846 Thompson Light
Meaganfurt, TN 90225",2009-11-06
Rebecca Lewis,moraleskim@example.com,"86301 Moore Lane Apt. 316
Garrettton, NV 56244",1966-07-16
Melissa Rodriguez,vwilliams@example.org,"Unit 5248 Box 6875
DPO AA 67310",1915-11-13
William Murray,peter55@example.net,"874 Noah Dale Suite 490
Lake Lynn, PA 13598",2000-07-06
Terrence Brown,rodrigueztyrone@example.org,"114 Samuel Curve Suite 784
East Kenneth, CO 93399",2015-04-13
Kristin Campbell,xvelasquez@example.org,"6125 John Hill Apt. 099
Baileyhaven, MT 71025",1994-08-23
Felicia Gibson,mweber@example.net,"08408 Lopez Village
West Danielleborough, IA 45035",1930-10-24
Scott Wall,hstewart@example.org,"994 Spencer Lane Apt. 610
East Jessicaland, ID 12741",1945-03-31
Samantha Allen,gordon40@example.org,"1071 Rodriguez Isle
Lake Megan, PR 04068",1955-11-24
Miss Karen Rodriguez,christopher41@example.com,"2853 Brian Crossroad Suite 931
Toddborough, MO 40926",2022-06-17
Nancy Villarreal,nguyenmartin@example.com,"5514 Castaneda Pine Apt. 878
Curtisview, LA 77454",2007-07-08
John Sanford,wkaufman@example.org,"8740 Owens Trafficway
East Travis, MN 06250",1950-10-03
Rachel Brown,marywest@example.net,"332 Choi Groves Suite 680
Monicatown, GA 32681",2021-01-15
Jeremy Garcia,danielle27@example.com,"4034 Monica Knoll
Dawnshire, WI 31680",1985-02-23
David Shaw,deborahcohen@example.org,"0036 Calhoun Glen Suite 186
South Steven, VT 64699",2016-08-25
Michelle Davis,ahernandez@example.com,"6175 Silva Forges Apt. 023
South Chadberg, KS 39131",1915-09-25
Melissa Walters,samanthawilson@example.org,"65431 Woodard Mountain
Gomezstad, WI 25590",1959-07-14
Louis Lawson,kathycruz@example.net,"034 Moody Haven Suite 635
Port Eileenview, GA 64944",2017-09-06
Michael Perez,brad18@example.net,"61689 Kelly Fork Apt. 367
New Kristyton, WY 73399",1908-01-11
Mark Stevenson,xwilson@example.org,"7353 Christopher Islands
Jacobtown, MA 71520",1963-11-15
Kevin Peterson,janice07@example.net,"902 Fuller Rapids
Mitchellhaven, VA 04070",1937-02-26
Joshua Henry,denise08@example.net,"044 Howell Canyon Apt. 158
Fosterstad, CA 49985",1922-07-10
Matthew Smith,james83@example.org,"0194 Tucker Harbors Suite 903
South Nancyfort, KS 35874",1961-11-26
Michael Curtis,anthony43@example.com,"241 Jessica Spurs
Kellyhaven, OK 31537",1956-04-11
Denise Bartlett,tannerlauren@example.net,"1271 Hunter Square
South Bruce, NM 50591",1946-03-03
Anthony Torres,gregory37@example.org,"67777 Foster Ville Apt. 554
Kristinside, VA 71970",1913-02-27
Steve Perez,campbelldavid@example.com,"8761 Felicia Court Apt. 930
Rodneyberg, MA 45250",1929-10-24
Katrina Perkins,webbjessica@example.com,"Unit 6293 Box 5976
DPO AE 49102",1926-03-28
Kevin Mccarty,psmith@example.com,"78894 Jones Bypass
Port Mary, NY 18074",2001-11-01
Joseph Walters,qolson@example.com,"6049 Richard Lane Apt. 088
New Davidtown, MI 73516",2006-11-27
James Johnson,brianwilson@example.net,"1209 Thompson Locks
Brendanshire, VT 40355",1978-04-14
Gregory Wise,paulcastro@example.com,"6240 Roberto Mission Suite 350
Danielmouth, TN 35172",1959-11-06
Deborah Williams,bartlettsheena@example.org,"61670 Friedman Mountains
Port Taylorhaven, AR 86001",1951-08-31
Tyler Johnson,ethan43@example.com,"22215 Benson Glens
South Jonathanview, CO 71311",1914-11-04
Erica Shaffer,joycetorres@example.org,"35456 Tracy Route
Dawnmouth, GA 04737",1938-01-12
Lynn Ayala,knappleslie@example.org,"29837 Autumn Knolls
Johnburgh, NE 62488",1935-05-16
Johnny Goodwin,taylorsamantha@example.net,"30204 Larry Brook
Parkershire, DE 96045",1913-07-12
Margaret Brown,diamond28@example.org,"808 Robert Stravenue
Henryshire, SC 76378",1995-11-08
Lisa Robertson,morsetracy@example.com,"Unit 8656 Box 2522
DPO AE 13284",1953-01-03
Julia Davis,jayfranco@example.net,"0528 Moran Flats Apt. 271
East Ambershire, SD 94490",2017-04-24
James Calderon,maryday@example.org,"71270 Chad Skyway Suite 936
Lake Karen, MA 31180",1924-05-11
Kimberly Franklin,moorebradley@example.com,"13146 Rojas Estate Apt. 973
New Heidi, CO 29146",1948-08-15
Brooke Johnson,hcrawford@example.net,"418 Harris Stravenue
Bethanyfort, IL 92023",1959-03-30
Alice Taylor,heather19@example.org,"4679 Rebecca Drive
North Marcus, HI 09355",1939-08-28
Jonathan Garner,swilson@example.net,"05021 Matthew Summit Apt. 378
Saunderston, MO 17903",1919-02-08
Lisa Collins,marshallpatricia@example.org,"43869 Charles Springs Apt. 883
West Elizabethton, MS 62066",1914-05-18
Robert Koch,andrewperry@example.net,"PSC 2330, Box 4877
APO AE 83027",1977-03-16
Frances Torres,wingram@example.com,"8047 Christine Lane
Nathanfurt, RI 77685",1908-04-17
Jeffrey Smith,wooddawn@example.org,"48939 George Mountain
Jonesland, AK 33051",1918-02-13
Christine Parker,vasquezjake@example.org,"358 Stephanie Lake Apt. 020
Richardfurt, MI 81391",1923-06-03
Shannon Hanson,lfrancis@example.com,"9521 Deanna Freeway
Ramseychester, IL 44487",1935-03-21
Melissa Carr,davisamy@example.com,"518 Scott Roads Suite 301
Prestonview, MT 96412",2020-06-13
Donald Smith,susan39@example.org,"5314 Lloyd Cliff Suite 760
Crosston, MO 15734",1963-07-15
Meghan Hebert,xsanders@example.net,"1009 Oscar Isle
West Jessica, AS 10194",2022-09-12
Melissa May,lindseystewart@example.net,"78491 Myers Centers Apt. 368
Combsmouth, SD 51548",1943-05-08
Mark Brewer,fmueller@example.org,"00923 Melissa Village
North Hollystad, NE 61472",2010-01-12
Catherine Collins,bryancalderon@example.com,"138 Olivia Mountain
Johnburgh, VT 17665",1995-09-15
Isaiah Smith,othompson@example.org,"5814 Hines Vista Suite 762
Port Shawnhaven, NV 43903",1976-12-16
Nicole Hunter,davisjoshua@example.com,"92345 Jennifer Dam
Port Andrewchester, ND 18832",2019-01-16
Jerry Taylor,tpatel@example.net,"684 Smith Via Suite 688
West Carrieport, NY 98182",1919-06-06
Anthony Beard,grahamsean@example.org,"450 Walker Glen
Hamptonmouth, SC 75860",2022-07-21
Jessica Ramirez,feliciadavis@example.net,"4665 Davidson Ville Apt. 490
Spencerville, AZ 93587",1908-11-09
Tina Ball,dawn74@example.com,"53565 Tiffany Trail Suite 829
Smithborough, HI 40473",1992-10-20
Jennifer Turner,ryanvillarreal@example.net,"7758 Joseph Glens
Lake Zachary, ND 90087",1925-09-22
Andrew Thomas,michael38@example.com,"30400 Brett Forge
Jeremyton, MS 04089",1935-08-02
Abigail Mills,chavezamanda@example.com,"0447 Thomas Plaza
Delacruzburgh, VT 26028",2000-08-13
Richard Calderon,lmclaughlin@example.org,"9682 Matthew Village Apt. 394
Garyview, MT 64448",1924-11-16
Ronald Johnson,bradyjennifer@example.com,"5242 Crawford Prairie Suite 729
Port Eduardo, ND 13938",1914-10-11
Thomas Huff DDS,eric25@example.net,"8867 Smith Union
Bobbury, AR 62027",1910-07-10
Sarah Murphy,lauren89@example.org,"266 Daniel View Suite 862
Keithberg, OR 47864",1996-03-09
Heather Wilson,ashley62@example.com,"6616 Potter Fall Suite 569
Mollyland, PR 03904",2021-10-13
Melissa Jenkins,stevenclark@example.net,"31042 Alyssa Underpass Apt. 206
Kevinborough, NV 06514",2016-02-02
Thomas Murphy,ryan85@example.org,"749 Brian Mission
West Richardbury, WY 09968",2014-02-21
Dustin Kramer,rileyjohn@example.net,"94891 Graham Isle Apt. 851
North Mariashire, FL 76446",1933-10-15
Erik Taylor,denise89@example.net,"4223 Curtis Walk
East William, VA 74820",2000-08-14
Julie Shelton,erin55@example.com,"1559 Cunningham Keys
New Linda, AZ 29194",1958-06-28
Mary Glenn,nhart@example.net,"32580 Diane Greens Suite 580
Hutchinsonmouth, NY 24519",2019-01-18
Christopher Gomez,peggyreynolds@example.net,"74989 Brown Plaza Suite 564
Jerryland, PW 32806",2021-04-13
Samuel Jackson,pgibson@example.com,"65452 Thomas Loaf
West Denise, NV 89871",2018-04-06
Cameron Gonzalez,susanmiddleton@example.net,"Unit 9327 Box 0167
DPO AA 17983",1934-05-18
Andrew Gonzalez,garciamichael@example.com,"14720 Madden Cliff
West Christina, FL 37338",1985-03-26
Melissa Deleon,denise72@example.org,"5565 Monroe Hill Suite 896
Danieltown, FL 37399",1936-04-05
Chelsea Abbott,eanderson@example.net,"50007 Sandra Crest Suite 190
Heatherside, PR 76893",1970-07-14
Chelsea Carlson,leslie93@example.org,"74661 Beth Camp
South Michaelstad, WA 25837",1916-04-04
Monica Howard,shane01@example.com,"7065 Thomas Hill Apt. 895
Masonshire, IN 07155",1945-07-29
Edward Burns,andreachristensen@example.net,"86184 Crystal Parkways Suite 499
Kinghaven, VI 68942",1915-07-01
Amber Rodriguez,regina42@example.net,"54265 Vazquez Inlet
Heathershire, MT 23515",2003-02-03
Charles Cortez,qlong@example.org,"43898 Heather Lake
Griffithborough, MA 88955",1912-11-12
Brandon Lyons,melissa38@example.com,"3813 Murphy Light Suite 638
West Toddton, GU 14522",1999-07-30
Bryan Ortiz,ophillips@example.net,"747 Baxter Expressway
Higginsfurt, KS 74250",1959-04-18
Matthew Obrien,jeffrey53@example.net,"0213 Oliver Alley
Port Cindyside, ME 58779",2003-12-12
Matthew Cooke,amanda43@example.com,"33930 Carroll Glens Suite 918
Santiagotown, KS 13718",1916-05-31
Kristine Morrison,brian09@example.com,"170 Michael Tunnel Apt. 744
Lake Samantha, NM 08500",1945-10-11
Brandi Thompson,victoria95@example.net,"259 Theresa Extensions Suite 693
West Steven, FM 54823",1923-09-21
William Swanson,brandonreynolds@example.com,"798 Doris Neck Apt. 818
East Nicholas, NJ 42051",1996-08-01
Jerome Richardson,stephaniehill@example.org,"53007 Brandon Station
Morganhaven, PA 78939",1924-05-21
Rachel Davis,lhernandez@example.org,"1207 Danielle Shoal
Catherinemouth, RI 57826",1935-05-13
Karen Rogers,velliott@example.com,"550 Martin Passage Suite 184
South Saraside, HI 98135",2008-05-28
Richard Cook,normaharrell@example.org,"085 Carly Inlet Suite 614
South Jacob, NM 18517",1958-01-21
Tammie Martin,hubbardmichael@example.net,"834 Laura Flats
New Paul, GU 80726",1960-09-30
Rebecca Harris,blake38@example.org,"072 Douglas Mills
West Phillipfort, OK 03703",1966-05-16
Manuel Miller,rebecca49@example.com,"747 Williams Circle Apt. 265
West Kaitlynmouth, GU 61024",1939-07-04
Audrey Nichols,mduran@example.org,"78086 Snyder Common
Michaeltown, NC 53572",2009-08-30
Michael Nelson,donald82@example.com,"6749 Tammy Glens Suite 233
North Garrettburgh, RI 70412",1914-09-01
Joshua Murphy,kathleenmoore@example.net,"482 Kevin Flat
Williamsfurt, VA 33805",1926-10-01
Sherry Wagner,flynnjose@example.net,"60265 Tyler Estate Apt. 723
Port Devin, VT 18056",1959-04-12
William Allen,martinkelly@example.net,"671 Taylor Route
Evansborough, MP 28975",1955-04-28
Pamela Ramos,hsalazar@example.org,"49908 Melissa Roads
Mauriceborough, NV 45254",1983-09-05
Erika Bender,qquinn@example.org,"716 Weiss Terrace
Port Michael, VI 70757",1971-01-08
Edward Willis,duanebenjamin@example.net,"888 Carol Light
West Vanessafort, AK 87641",1913-04-10
Carl Reese,brownelizabeth@example.com,"0295 Adam Coves Apt. 376
East Sydney, WA 30800",1972-01-21
Julie Mcgee,williammckay@example.org,"20346 Sarah Estate
Stevenchester, WV 89484",2007-01-11
Jason Suarez,crios@example.org,"66775 Allen Villages
Port Christineside, HI 72147",1986-08-20
Nancy Moran,karen08@example.com,"32050 Wagner Stream Suite 863
West Sarahbury, NE 05493",2002-11-14
Mallory Aguirre,lauragreen@example.com,"76724 Russell Orchard Suite 295
East Teresa, AK 12219",1967-09-08
John Simmons,moralesdavid@example.com,"9715 Garcia Expressway
East Nancyfort, AR 34558",1994-05-13
Mark Wolfe,kevin98@example.org,"3209 Vanessa Plains
Andreburgh, MN 57730",1972-03-18
Kristina Fernandez,hjones@example.com,"5899 Amanda Village
New Dawnfurt, DC 38725",1946-05-22
Charles Combs,pbrown@example.com,"976 Amanda Overpass
Valdezchester, AK 27415",2002-10-25
Mr. Robert Bell,hunterkatie@example.org,"8800 Cohen Meadow Suite 027
Hardymouth, SD 46411",1952-04-08
Vernon Shaw,smithvirginia@example.org,"386 Dawn Squares
East Kathrynport, AL 06084",1925-01-17
Katherine Mercado,lindseylisa@example.com,"5055 Deborah Knoll Apt. 213
West Stevenland, WI 10764",1983-06-17
Dorothy Cantu,pam05@example.org,"216 Curtis Mission
Rogerland, PW 14037",1915-07-16
Michael Graham,colerebekah@example.com,"468 Ellen Walk
Kevinfurt, MA 55519",2001-07-20
Rachel Brewer,wmartin@example.net,"179 James Trail
Allenburgh, MP 17844",1991-07-03
Laura Rodriguez,mking@example.com,"66748 Campos Key Apt. 507
Alexiston, PA 20028",1924-04-21
Robert Roberts,tammyhodge@example.com,"6423 Mccann Ports
Thomaston, MT 54608",1958-03-13
Tasha Gregory,gutierrezcatherine@example.net,"384 Emily Junction Apt. 359
New Michael, VA 87205",1915-10-09
Jessica Tran,jason34@example.org,"4467 Steven Route
Lake Anita, VT 24973",1969-05-29
Mrs. Linda Johnson DDS,davisjessica@example.net,"0544 Turner Ridge
Lake Deborahmouth, AZ 49491",1921-10-31
Mark Gill,wvelasquez@example.net,"430 Samantha Camp Suite 429
North Gregory, SD 50934",1949-01-12
Jamie Baker,ronald52@example.org,"Unit 8992 Box 2155
DPO AA 66764",1950-06-19
Tommy Rodriguez,jeffrey56@example.com,"5907 Taylor Summit Suite 728
Melissamouth, MD 18235",1973-03-02
Deborah Hart,jason79@example.org,"819 Timothy Extensions Apt. 888
Morganbury, NV 62464",1932-05-10
Antonio Evans,perrymichael@example.org,"29308 Henderson Street Suite 341
Wendyport, MH 75393",1971-10-16
Richard Phillips,adkinsjeanette@example.org,"9290 Simpson Valley Suite 155
North Martinhaven, OR 47342",1992-02-06
Michael Smith,ronaldsmith@example.org,"69236 Devin Isle Apt. 919
West Joshuaport, AS 89001",1954-04-08
Stacy Harding,bgray@example.net,"508 Wendy Spring
Mooreland, MA 39412",2017-12-05
Holly Sanford,lewisroger@example.net,"7157 Hannah Land Apt. 671
Kristentown, IN 05758",1935-05-11
Ralph Harris,james05@example.net,"084 Logan Harbor
West David, TN 60762",1920-07-27
Joseph Carson,roger91@example.net,"460 Hailey Estates
Tyroneland, FM 15746",1965-03-16
Melissa Bullock,jeffreygomez@example.org,"8209 Taylor Forest Suite 551
Josephtown, NM 07194",1917-06-09
Kristine Simmons,huertadanielle@example.com,"28502 Carol Ferry
Lake Cynthia, IA 72525",1991-10-03
Angela Johnson,jennifer01@example.com,"161 Mclaughlin Mall Apt. 340
Amytown, WV 97737",1939-07-15
Leah Alexander,joshuafitzgerald@example.com,"0657 Garcia Mount
New Geneborough, MA 37477",2010-10-20
Lisa Blake,ythomas@example.org,"190 David Drive Apt. 167
Curtisfort, SC 33717",1936-12-19
Michael Cruz,michael69@example.net,"1205 Munoz Roads
Jillton, FM 68025",1931-02-02
Elizabeth Lyons,jacksonisaiah@example.org,"79946 Cooper Island Apt. 180
Henryhaven, NC 14220",1922-06-10
Shane Patterson,fleminghannah@example.org,"03911 Spencer Station
South Vanessashire, CA 59209",1919-04-13
Joseph Reynolds,zlewis@example.net,"279 Pope Fields Suite 697
Lake Clinton, WA 28627",1920-02-11
Brittney Holmes,lindsaytran@example.net,"080 Elizabeth Cove Apt. 813
Annville, OR 70518",1915-01-11
Amy Cruz,wflynn@example.org,"49107 Garcia Throughway
Smithmouth, MH 13950",1921-07-02
Kelsey Davis,zbooth@example.net,"601 Gordon Roads
Lake Jay, ID 09923",1919-04-26
Valerie Kelly,wheelerjulie@example.org,"54948 Oconnell Fords Suite 837
North Miguelmouth, LA 12633",1952-04-10
Kenneth Howell,phillipsjames@example.org,"099 Phillip Fords Apt. 735
Port Meganberg, NJ 12307",1946-12-02
Justin Kline,georgecook@example.org,"986 Fisher Ways Apt. 343
Angelafort, OH 85656",2019-08-08
Susan Morrison,jduncan@example.net,"841 Michael Common Apt. 632
Boyletown, DC 46722",1928-11-21
Cameron Paul,jayjones@example.com,"24669 Patricia Station
East Daniel, NV 90935",1972-06-14
Ronald Daniels,katherine28@example.net,"65457 Juan Camp Apt. 497
South Kimberlybury, PR 80571",2004-02-23
Willie Richard,joanmarshall@example.org,"USNS Bowers
FPO AA 59281",1933-12-09
Stephen Banks,jennyfrazier@example.net,"095 Arthur Streets
Garciafurt, NC 10532",1946-10-31
Stephanie Pearson,jeanettenguyen@example.net,"5125 Green Fall
North Michael, PR 03168",1912-01-02
Mr. Carl Robinson,brendapoole@example.net,"4769 Green Forge
South Bryanland, IL 89331",1950-04-09
John Oconnell,kennethandrews@example.net,"884 Kristin Station
Christianfort, KY 68905",1932-01-08
Mr. Michael Brown,durancatherine@example.org,"1388 Robinson Light
Port Ryanchester, ND 43108",2000-06-05
Whitney Acosta,shawnhughes@example.org,"62954 Jimenez Shoals Suite 132
Camposburgh, CO 21557",1969-03-06
David Kelly,alyssamorales@example.com,"3322 Christopher Crescent Suite 477
Diazberg, DE 95337",1964-06-26
Cory Booker,lawrencejose@example.org,"154 Tyler Fords
Leeville, DC 82399",1962-07-24
Kurt Johnson,dcollins@example.net,"198 Russell Rapids
South David, MP 98057",1943-02-24
Kayla Taylor,vlin@example.com,"3962 Nathan Avenue Apt. 037
New Jessicaton, MS 77400",2001-12-31
Cindy Mcconnell,gsmith@example.org,"PSC 3056, Box 0325
APO AA 13927",2018-09-25
Charles Hernandez,thomas05@example.com,"62964 Sheila Fall Suite 466
Davidberg, NM 39820",1941-09-25
Michael Padilla,mitchell81@example.org,"98868 Daniel Common Apt. 246
Port Sandra, OH 27882",1929-09-22
Samantha Flores,joshuabaker@example.net,"20315 Rebecca Throughway Suite 691
Travisborough, ME 58152",1991-03-02
Jeanne Webb,ulee@example.org,"591 Michael Mountain
Bennettton, PA 61208",2014-02-12
Michael Foster,harrisgabriel@example.com,"715 Hernandez Expressway Apt. 767
West Sarah, FM 78124",1945-05-17
Nathaniel Adams,ronald97@example.org,"58094 Fernando Roads Apt. 278
Justinstad, WI 99747",1959-12-01
Gary Wood,yholder@example.net,"35196 Martin Park
Mcintoshborough, AS 99727",1958-10-03
Paula Sanchez,gdyer@example.com,"53946 Christopher Run
Howeport, AK 76788",1978-01-16
Ashley Brown,perezjulie@example.com,"9587 Wright Village
Edwardton, PA 02694",2014-11-07
Shawn Brooks,julian55@example.net,"118 Cooper Crescent
Wesleyport, OR 29130",1931-12-09
David Frazier,brandi18@example.org,"1706 Bond Passage Suite 758
Johnborough, OR 12257",2022-08-19
Cynthia Welch,jeffreypitts@example.net,"76302 Jill Mission
North Meganton, AS 48961",1939-07-22
Eric Kim,hhoward@example.com,"197 Savage Hill
Harrisfurt, KS 73262",1991-08-26
Daniel Johnson,thompsonshane@example.com,"81284 Williamson Turnpike
Knappville, WV 79721",1991-01-08
Laura Walker,marie49@example.org,"74147 Megan Parkway
East Paulburgh, WV 96121",1926-10-22
Timothy Castillo,michael14@example.org,"PSC 2539, Box 0559
APO AE 46362",1989-10-08
Dana Melton,edward74@example.org,"3342 Courtney Pike Suite 513
Sextonville, IA 57982",1960-09-16
Caroline Stewart,dgarrett@example.org,"144 Nicholas Overpass
Webbfort, CT 75633",1970-06-23
Adam Johnson,burnsjordan@example.com,"PSC 8189, Box 2071
APO AP 69459",1930-12-19
Douglas Gonzalez,gregory11@example.com,"18623 Dodson Keys
Mcdonaldville, MN 02487",1961-03-29
Kristen Wilson,casey34@example.com,"PSC 0826, Box 8495
APO AE 31132",1987-02-23
Nicole Stanley,derek60@example.net,"552 Nichols Throughway
New Carrie, OH 90257",1990-06-14
Lawrence Porter,karen36@example.com,"0647 Robert Road Apt. 805
Valerieton, IL 46798",1969-03-09
Teresa Clark,leeandrew@example.org,"96786 Cody River
Milesberg, AS 88021",1981-05-16
Tracey Miller,susantorres@example.com,"69336 Pugh Locks
Joseside, VA 09534",1995-11-12
Mary Douglas,cindywhitehead@example.net,"0024 Vargas Unions
Rachelside, ID 14265",1929-02-25
Sara Frazier,charles37@example.com,"675 Kevin Isle Apt. 494
Wendymouth, GU 75438",1930-05-18
James Hughes,aguilarsteven@example.com,"62511 Nicholson Passage Suite 909
Lake Nicolas, AS 16408",1925-01-31
Antonio Holmes,jessica76@example.org,"2883 Jones Burgs
West Ashley, RI 09956",2016-12-25
William Rodriguez,shawnrodriguez@example.com,"63076 Sharon Cliffs Suite 202
Mariemouth, MT 11797",1976-03-05
Amber Flores,nreed@example.com,"931 Francis Neck Apt. 497
Smithton, KY 34676",2001-11-15
Kristen Bray,kirbycatherine@example.com,"573 Johnson Points
South Julie, GU 85662",1915-02-06
Natalie Davis,john21@example.com,"291 Gamble Divide
Port Loriville, OK 65314",2004-05-12
Connie Miller,benjaminwilson@example.com,"33531 Franklin Oval
New Michaelport, WA 93288",1964-12-24
Diamond Smith,whitneykyle@example.org,"777 Wilson Crossroad
Lake Christopherville, AK 82748",1963-10-16
Olivia Johnson,robert80@example.net,"2354 Steven Mission
Grimesstad, TX 34587",1992-01-02
Kylie Moore,eandrews@example.com,"Unit 4646 Box 8894
DPO AA 79232",1927-02-24
Robin Mcdaniel,haileyduffy@example.net,"06464 Ortega Creek Apt. 488
Baxterport, GU 46182",1916-12-02
Jose Luna,wallacejeremy@example.org,"4352 Myers Parkways Suite 731
Andersonbury, WA 21167",1986-11-01
Henry Perkins,teresa68@example.com,"55305 Dana Path Suite 082
Port John, MI 36075",1917-06-05
Christina Griffin,kthompson@example.org,"13436 Hicks Overpass
Romerotown, VA 69466",1982-01-13
Dale Fuller,smithjordan@example.com,"0589 Jeffrey Bypass Apt. 956
Jonestown, OK 35887",1950-01-04
Christopher Gonzalez,reynoldsmelissa@example.com,"833 Sabrina Point
East Katherineton, TN 28441",1911-04-21
Melissa Murphy,bennettrobert@example.org,"74107 Seth Forge
Scottfurt, KS 30156",1949-08-21
Shawn Bennett,wdavis@example.net,"3570 Stanley Cliff
Turnerchester, PW 46599",1939-03-05
Mrs. Lisa Padilla DVM,enovak@example.net,"191 Horn Run Apt. 073
Garrettstad, GA 61614",2002-02-26
Jason Peters,mcgeeanthony@example.net,"PSC 5163, Box 0449
APO AE 44942",1978-02-25
Veronica Greene,matthew38@example.org,"2696 Michael Parkways
Griffinbury, AS 52048",2011-01-16
Caitlin Roth,daniellehill@example.com,"1324 Monica Cliffs Apt. 693
Kristaton, AZ 52077",1992-04-22
James Raymond,morrisgrant@example.com,"859 Danielle Hills Apt. 217
West Sandratown, WI 37315",1908-10-30
Diana Clark,xvelez@example.org,"PSC 8533, Box 1950
APO AE 79832",1920-12-20
David Bryant,fernandezbrian@example.com,"53806 Nicholas Keys
Harrisonfurt, AL 73950",1959-10-22
Nicole Whitaker,csmith@example.org,"27709 Sheri Tunnel Apt. 385
West Ronaldstad, ID 87155",2007-01-20
Crystal Barrett,emartinez@example.net,"1185 Williams Hill
Hamiltonton, GA 28768",1937-06-02
Kaylee Barber,mperry@example.net,"563 Ramirez Motorway
New Jasonchester, NC 94785",2021-02-03
Brenda Peck,sean43@example.com,"150 Heather Flats
New Robertburgh, GU 65386",1980-10-06
Mrs. Lori Gordon,sarahward@example.com,"20154 Julie Rapid Suite 176
West Margaretfurt, PR 61222",1995-01-15
Ronnie Davis,mooredonald@example.net,"71120 Ann Villages
Adamston, MH 24094",2016-05-09
Francis Smith,christopherlewis@example.org,"555 Lowe Cape Suite 937
Smithtown, IN 08449",1996-03-11
John Johnson,hcampbell@example.org,"96105 Nelson Pines
Joelshire, DE 87775",1945-12-02
Penny May,swansonsheila@example.com,"USCGC Hale
FPO AP 70115",1911-02-24
Cynthia Diaz,anthonyanderson@example.net,"014 Richard Crest
Lake Dylan, NJ 67393",1947-09-07
Amber Black,sbrooks@example.com,"9406 Tonya Via
Port Melissafurt, KS 29460",1999-07-25
Misty Flores,wvillegas@example.net,"471 Herrera Pike Apt. 529
Connorfurt, ME 25282",1926-09-20
Michael Ali,david50@example.com,"20267 Victoria Harbors
Port Steve, CT 69762",1949-06-19
Karen Coleman,tina28@example.net,"211 Gonzalez Lodge
Keithmouth, OK 02348",1941-03-19
Francisco Holt,hhunt@example.com,"44446 Brooks Estate Suite 810
East Zachary, KS 02759",1919-08-28
Alexandra Anderson,ariel75@example.com,"436 Laura Park Apt. 068
Knappmouth, CA 45519",1971-02-13
Robert Roberts,smitherin@example.org,"6162 Stone Spring Suite 725
Mariastad, AK 07528",2011-01-01
Joshua Foster,christopher25@example.net,"3293 Michelle Island Apt. 531
Nancyview, MP 37649",1988-11-04
Lisa Mcdonald,diane61@example.net,"3017 Byrd Manor
Reedburgh, OR 44227",1940-12-25
Charles Evans,sarahsanchez@example.com,"762 Smith Heights
Jacquelinebury, NJ 07615",1940-08-29
Pamela Taylor,dblake@example.net,"080 Michael Streets
Matthewtown, NH 50926",1978-06-30
Kerri Bennett,hernandezmichael@example.com,"19849 Leah Crest
Lake Monica, PA 58028",1991-05-15
Nicholas Jarvis,collinschristina@example.com,"4261 Roth Ferry
Munozchester, ID 59985",2002-04-29
Lindsay Jackson,xmathews@example.net,"6842 Jones Cliff Apt. 975
Doyleburgh, WV 77725",1912-09-03
Tyler Alexander,gdavis@example.org,"PSC 6826, Box 2907
APO AP 96047",1913-12-05
Carrie Green,mitchell30@example.com,"81305 Marie Mountains Suite 377
Russellside, DE 83328",1964-11-11
Caleb Jarvis,hmiller@example.org,"16641 Jeffery Viaduct Apt. 553
Courtneymouth, TX 31936",1918-11-11
Mark Summers,kelly20@example.com,"1792 Alexandra Crossing
Davidstad, IA 96240",2012-07-23
Amanda Lewis,jbell@example.com,"61224 Alexis Glen Apt. 250
Port Alex, WI 95029",1980-08-08
Amanda Tapia,williamskelly@example.org,"560 Gomez Knoll
Larrymouth, LA 49176",1951-07-05
Kelly Johnson,lwilson@example.net,"7417 Melinda Burgs Apt. 973
West Stanley, NY 86069",1938-06-15
Rebecca Jenkins,justin26@example.org,"645 Douglas Club Apt. 735
Lake Leah, NV 44927",1959-05-14
Anthony Jones,pagemichael@example.org,"0478 Rosales Mountains
North Marisachester, LA 50349",2002-09-24
Megan Chandler,charles76@example.com,"940 Michael Manor
Elizabethfort, ME 95775",1999-02-09
Michael Howard,sheltonadriana@example.org,"9188 Nguyen Spring
New Christopherburgh, IN 58562",1992-07-10
Christopher Mccarthy,cpoole@example.com,"371 David Passage
Bellberg, NV 87985",1910-06-06
Jennifer Smith,bonniemiller@example.net,"1421 Lindsay Crest
Christopherchester, LA 36025",1938-04-22
Brandon Allen,stevenjohnson@example.org,"6377 Rachael Turnpike
Natalieville, MO 37533",1978-08-02
Jeff Hudson,luiswatson@example.com,"29927 John Square
Williamsmouth, ND 96534",2005-07-10
Nicole Koch,zjimenez@example.net,"7416 Michelle Extensions Suite 615
Maryberg, MD 76376",2011-06-12
Tanya Hughes,waltermiller@example.net,"PSC 3477, Box 2948
APO AE 12397",2009-05-22
David Jenkins,adamjohnson@example.org,"5815 Lisa Grove Suite 162
Mannview, LA 22303",1945-05-18
Laura Garcia,martintaylor@example.com,"PSC 3081, Box 2327
APO AE 37959",2009-08-15
Paul Hernandez,fishersarah@example.com,"660 Mckenzie Trace
Flowersville, AK 39832",1935-06-24
Matthew Campbell,jgriffin@example.net,"2352 Sandra Ferry Apt. 075
Mathewshaven, AK 09700",1922-08-13
Stephen Mcneil,tammy85@example.com,"8399 Justin Fall
West Courtney, TN 92001",1932-09-15
Juan Munoz,kgates@example.net,"946 Small Knolls
Mooreburgh, WA 23335",1913-07-13
Nicholas Johnson,ambermeyer@example.org,"66816 Daniel Islands
Millerborough, MN 14489",2015-11-15
Andrea Flores,richardsonjulie@example.org,"90866 Alvarado Ville
North Baileyport, MS 86516",1953-02-21
Donald Leon,david69@example.net,"1387 Thomas Groves
Paynefort, FL 08346",1978-08-05
Cathy Williams,cynthiapatterson@example.net,"62884 Long Extension Suite 011
Lake Joelberg, KY 22188",1976-06-16
Samantha Bullock,yperez@example.net,"23254 Sawyer Land Apt. 376
West Adrian, MT 45639",2012-05-13
Joanna Clark,qbrewer@example.net,"323 Annette Mill
New Daniellefurt, GU 53055",2013-02-08
Jamie Pugh,nrussell@example.org,"364 Baldwin Drive Apt. 654
North Jamesville, IL 88379",1919-11-16
Michael Carr,iho@example.com,"76651 Brandon Lakes
South Elizabethburgh, CO 03594",1942-03-29
Patrick Jenkins,jessealexander@example.org,"4056 Steven Keys Suite 117
Richardfurt, MS 31062",1989-02-26
Angel Reed,ilowe@example.net,"88044 Bryan Way Apt. 661
North Randallburgh, OR 56056",2004-06-22
Megan Hardin,joel54@example.net,"30040 Noble Forge
Sarafurt, OK 07900",1953-07-27
Mr. Duane Patel,herrerasarah@example.com,"566 Booth Summit Apt. 231
South Vincentview, ND 97694",1952-10-07
Julie Davidson,badkins@example.org,"Unit 7167 Box 8582
DPO AA 32254",1982-05-12
Lisa Larson,andrew04@example.org,"63024 Hill Via
Patricktown, MP 72105",1937-04-07
Erin House,lisawilson@example.net,"238 Mcclain Cape Apt. 081
Lake Michael, IA 85144",1938-04-29
Barbara Anderson,nicole36@example.org,"406 Lopez Meadows
Port Charleston, TN 58641",1908-05-01
Todd Novak,john09@example.com,"702 Kimberly Island Suite 915
Lake Crystalport, NM 55795",2019-06-04
Sergio Bush,kathleen72@example.net,"68822 Hernandez Causeway Suite 400
Martinezmouth, MH 39965",1933-06-18
Mark Evans,rgarner@example.com,"07757 Charles Centers
Mcclainside, PA 76828",1988-07-26
Anne Ball,sarah49@example.org,"143 Henry Knolls
West Kelsey, RI 10428",2018-05-17
Emily Jones,tschultz@example.org,"75229 John Points Apt. 715
Lake Rebecca, SC 35682",1937-05-08
Michael King,richard56@example.com,"75506 Bond Crossroad Suite 846
Johnshire, GU 67633",1919-11-10
Brandon Adkins,lcrane@example.org,"74411 Harris Orchard Suite 352
North Davidberg, IL 83072",1974-01-22
Raven Moore,bwilson@example.net,"11968 Gibson Road Apt. 757
Bakerville, TX 80334",1947-04-20
Matthew Perry,antoniobarton@example.net,"0593 Destiny Squares Apt. 103
New Julian, GA 47259",1984-10-05
Daniel Riley,estesbenjamin@example.net,"972 Browning Village
Cookfurt, TX 45444",2015-05-16
John Beck,peterclements@example.org,"4447 Gibson Ranch Apt. 725
Nataliebury, DE 24586",1942-01-28
Barbara Perez,wolson@example.org,"38446 Davidson Prairie Apt. 601
Hendersontown, MD 58367",1959-12-23
Rebecca Sheppard,terrellemily@example.net,"29824 Grant Knoll
Christopherland, UT 16917",1998-07-12
Patricia Atkinson,jmyers@example.net,"0186 Charles View Suite 019
South Davidside, MO 89639",2003-11-20
Paul Bush,nielsenjennifer@example.net,"58172 Jennifer Point Apt. 579
Port Jamie, NE 15597",1927-06-07
Maria Dickerson,vcherry@example.net,"69094 Martinez Shore Suite 113
Leehaven, UT 30039",1954-03-14
Donna Ortiz,curtis48@example.net,"USCGC Kline
FPO AA 51051",1977-06-16
Veronica Barnes,thomaspaul@example.com,"590 Smith Courts
Jacobburgh, VI 71202",1972-11-09
Benjamin Hernandez,amanda63@example.net,"2154 Colon Port
Ryanbury, MA 59344",1957-11-28
Jennifer Barnett,acasey@example.net,"898 Edgar Circles Apt. 648
Dominguezside, MI 32187",2010-01-12
Matthew Garza,robert64@example.com,"418 Miller Lock
New Jamieview, GA 18795",1922-11-02
Mrs. Tammy Kirk,christopherhartman@example.net,"8617 Owens Cliffs Suite 424
Weststad, ID 81869",1995-12-13
Jason Ford,hbarnes@example.net,"463 Monica Path
Codyview, TN 76919",2010-01-24
Mrs. Ashley Schultz,sara02@example.com,"7237 Jones Inlet Apt. 686
Juliafort, GU 95271",1984-10-29
David Anthony,graylisa@example.com,"55014 Perez Well Suite 071
Port Jacob, LA 76442",1993-06-22
Melissa Moran,tknox@example.net,"PSC 2990, Box 6165
APO AE 94836",2002-02-21
Alison Chapman,bbutler@example.org,"4677 Henderson Hills Suite 203
Port Lisaborough, MI 64016",1920-02-25
Jasmine West,ksherman@example.net,"4302 Jefferson Meadow
Gonzalezside, CT 68010",1982-01-30
Michael Johnson,charles28@example.com,"263 Gonzalez Roads
North Johnton, AZ 10759",1957-08-27
Mark Smith,petersonmichelle@example.net,"USNV Duke
FPO AA 24912",1924-05-26
Carol Taylor,kristina41@example.org,"460 Lee Falls
Michaelfurt, TN 30675",1934-04-21
Chelsea Sullivan,snewton@example.com,"927 Castillo Terrace
Lake Shannonfort, WV 73929",2014-02-23
Wayne Oneill,ohunt@example.org,"331 Rivera Lights Apt. 304
Washingtonborough, GA 48864",1928-03-26
Luis Bryant,tommyarias@example.org,"588 John Roads
Port Markville, OK 98259",1935-08-06
James Aguilar,matthewcampbell@example.org,"1174 Dixon Glen
South Shannonmouth, MI 06506",1983-07-09
Mark Potter,perkinsjeremiah@example.com,"USCGC Roth
FPO AA 98041",1937-10-25
Scott Terry,perezryan@example.net,"257 Smith Forest Apt. 111
East Jasmine, MN 29536",2004-12-14
Steven Jennings,jasminekerr@example.org,"9464 Ashley Unions Apt. 445
Lake Mary, GU 10104",2005-09-26
Holly Wong,hooverjim@example.com,"87587 Janet Loaf Suite 538
East Donaldburgh, NE 97647",1924-05-17
Heather Walker,todddecker@example.org,"71165 Nelson Knoll
Thompsonstad, TN 57028",1959-12-01
Robert Conrad,williamsimmons@example.com,"1524 Angela Station Suite 174
East Heatherville, NM 20823",2019-06-07
Kelly Wagner,pduran@example.org,"282 Stephen Path Apt. 855
Kimberlystad, HI 09208",1986-12-01
Mrs. Ashley King MD,stacieerickson@example.net,"858 Glenda Forge
Lake Jessica, VA 96046",2016-03-29
Jesus Smith,pdixon@example.com,"991 Nixon Causeway
West Thomasmouth, ID 51324",1931-07-28
Kyle Lucas,taylorjeremy@example.com,"03440 West Spur Apt. 268
Kimberlyside, FM 09959",2009-02-23
Eric Gibson,pamelahuber@example.net,"990 Jennifer Square Apt. 436
Lisaberg, IA 68438",1970-12-17
Teresa Williams,amedina@example.org,"843 Michael Extension Apt. 664
Davidland, IN 17864",2001-01-17
Mr. Thomas Phillips II,travis46@example.com,"831 Howard Mall Apt. 151
New Sylvia, CT 31659",1956-09-22
Connie Jones,sherryhuber@example.org,"46600 Caroline Terrace Suite 381
Lake Kellyside, NE 80723",1946-03-28
Rebecca George,toddlopez@example.com,"3395 Matthew Field Apt. 596
Hessmouth, VA 16626",1938-07-24
Joseph Simpson,stacy96@example.com,"PSC 4062, Box 1748
APO AP 36283",1919-04-13
Cynthia Lopez,matthewwalker@example.net,"7829 Ashley Haven Apt. 308
Julieburgh, OR 01459",1923-07-16
Beth Bates,acox@example.org,"6178 Nicole Road
Kennethbury, CO 32269",1949-06-17
James Mccarthy,gabriel67@example.net,"550 Davis Burgs
Kellybury, AL 70383",1917-02-16
Kyle Nunez,williamscarla@example.com,"PSC 7762, Box 6690
APO AA 50989",1957-06-18
Mrs. Mary Harrison,bernardmolly@example.org,"085 Kathy Crossing Apt. 877
East Tina, NH 98117",1946-03-22
William Campbell,yrogers@example.com,"228 Shane Village Apt. 849
West Michaelhaven, TX 13236",2018-09-23
Vicki Atkins,rrios@example.com,"566 Makayla Ferry
Crosbyside, WA 83006",1925-08-22
Michael Gregory,shawnalexander@example.org,"1334 James Mill
Codymouth, AL 81869",1918-01-12
Kerry Weeks,veronicaholland@example.com,"13423 Moreno Cliff Suite 719
Kevinfurt, WI 07644",2021-03-25
Christina Ward,joseph05@example.net,"462 Brendan Garden Apt. 201
Ericborough, LA 53615",1970-10-15
Adriana Ruiz,erin77@example.net,"41032 Stephanie Viaduct Suite 052
East Christopher, WI 69102",1961-10-26
Cristian Oliver,boonemike@example.com,"9192 Torres Turnpike Suite 231
Lake Sharon, OR 43197",2004-06-16
James Brown,hendersondwayne@example.org,"0777 Williams Squares Suite 036
Kristenton, ME 24265",1951-08-26
Heidi Brooks,lisa56@example.com,"592 Lee Ports
Port Sheila, MT 04461",1921-02-15
Lori Robinson,perezrobert@example.org,"8878 Courtney Street Apt. 666
Parkerhaven, OK 94601",2022-10-22
Jonathan Mcdonald,colin20@example.net,"00887 Mills Trace
Gloriashire, KY 98901",1918-04-02
Thomas White,angela85@example.org,"7050 Patton Streets
West Danielmouth, VI 83706",2003-12-29
Marilyn Sanders,kristengarcia@example.com,"17320 Buckley Mill
Tiffanyville, WI 63575",1995-11-26
Mrs. Stephanie Hoffman,lisa15@example.org,"Unit 9451 Box 7693
DPO AP 73067",1958-12-09
John Sullivan,christina72@example.net,"PSC 2552, Box 3407
APO AA 71818",2015-04-24
Jessica Herring,whiteheadsarah@example.org,"8623 Carlson Heights
Williamland, AR 57984",2001-12-05
Jennifer Alvarez,carl59@example.com,"5412 Bryant Islands
North Davidfurt, OH 54899",1965-08-06
April Shaw,conwaysarah@example.com,"4615 Michael Pine
Walshton, KY 66939",1981-06-05
Jason Mccarthy,patricia76@example.com,"72194 Farrell Freeway
North Autumnborough, VA 04226",1970-12-12
Juan Scott,qbennett@example.org,"9893 Kenneth Grove Apt. 925
Meganfurt, IL 99670",2008-02-10
Michelle Dalton,frose@example.org,"77039 Richardson Island
Owensmouth, PR 53847",1987-04-10
John Clark,hberry@example.net,"75993 Victoria Dale Suite 080
New Seanhaven, SC 63039",1969-03-28
Pamela Reyes,imiller@example.net,"07404 Rogers Orchard
Joshuaview, WI 22540",1951-10-07
Kim Mcknight,fshaw@example.net,"04074 Cain Locks Apt. 983
Pearsonborough, MA 85032",1954-03-14
Debbie Clarke,jaredwashington@example.org,"5169 Chase Port
New Amber, RI 46540",1996-02-21
Ashley Perry,kevinsimpson@example.net,"PSC 0040, Box 6800
APO AE 98181",1947-09-27
Kristin Fisher,pperez@example.org,"67702 Erica Flat
North James, CA 70694",2014-01-03
Michelle Townsend,epugh@example.com,"3968 Meghan Islands Suite 739
Taylorbury, NM 41457",2023-05-23
Brian Parks,xalvarado@example.net,"USNV Welch
FPO AA 90172",2004-10-31
Sean Patterson,danieltate@example.net,"Unit 6683 Box 4810
DPO AE 02998",1989-07-19
Shawn Lewis,zdennis@example.com,"7614 Russell Fall
New Jameshaven, TX 79211",1986-10-22
Tammy Thomas,williamevans@example.net,"47265 Cruz Skyway Suite 384
Mistystad, IN 86434",1970-06-26
Joshua Perez,yscott@example.net,"USNS Gill
FPO AP 29543",1993-08-12
Micheal Wood,kimberly97@example.net,"0275 Friedman Mountain Apt. 822
Hollyland, LA 59306",1922-11-10
David Porter,lovenicholas@example.org,"128 Huynh Avenue
Hinesmouth, WY 01249",2007-02-03
Wendy Anderson,stephen43@example.com,"55858 Steven Hill Suite 020
East Joseph, VT 72947",1976-03-06
Richard Mata,garciajim@example.net,"397 Brandon Trace
East Judyport, AS 26333",1940-09-29
Jason Beltran,mperez@example.net,"88852 Mullins Rapid
Rebeccaburgh, ME 45139",1936-06-30
Charlene Barron,tristanpaul@example.net,"96089 Kimberly Run
Robertville, WY 48687",1938-07-25
Amanda Morrow,michelerobinson@example.net,"7172 Smith Trail Apt. 881
North Charlotteview, MO 39803",2002-11-22
Luke Wagner,daltonrobinson@example.com,"729 Martinez Forks
Weeksburgh, ME 52147",2015-10-08
Brandon Campbell,sandra09@example.org,"522 Ortiz Walk
West Nathan, OK 25716",2000-07-29
Doris Miller,imclaughlin@example.org,"Unit 1098 Box 8967
DPO AA 36520",1954-04-01
Tammy Howell,valerie39@example.org,"8759 Foster Cape
Lake Daniel, PW 54157",1992-04-08
Troy Watson,bradleyalvarado@example.com,"4350 Oliver Lodge
Robinsonville, WI 61784",1997-09-22
Stanley Scott,robertwhite@example.org,"0147 Jason Crescent
Carlosstad, KY 01618",1910-03-27
Deborah Fernandez,torressamantha@example.org,"205 Marilyn Center Suite 532
New Amyville, WA 60858",2023-10-26
Ryan Hernandez,sharonchaney@example.org,"PSC 8158, Box 8271
APO AA 89685",1995-10-29
Clayton Schneider,vrivas@example.com,"057 Kari Courts Suite 328
Smithhaven, NC 89509",1986-09-11
Monique Davis,aguilarcarla@example.net,"416 David Manors Apt. 395
Lake Laura, WV 42528",1986-06-24
Lauren Reid,snyderjennifer@example.org,"USNS Huynh
FPO AP 50263",2011-04-14
Nicole Valdez,bryanhorton@example.org,"71155 Jacob Courts
Lake Amy, IA 45837",1982-07-30
Nancy Griffin,donaldsmith@example.org,"0151 Patricia Ridges Apt. 100
East Sarahbury, VA 27124",1947-07-24
Pamela Turner,austinmorrow@example.org,"USCGC Sullivan
FPO AP 44356",1917-07-22
Tiffany Knight,millerjacob@example.com,"72701 Eric Fork Apt. 180
North Jennifer, ND 38332",1974-10-15
Angela Bell,evancobb@example.net,"39805 Alexandra Street Suite 217
East Marthaview, WY 04247",1993-06-25
Kathryn Murphy,michael61@example.org,"2642 Williams Port Suite 632
Brownland, OK 94265",1949-06-26
Angela Evans,lawrence65@example.com,"Unit 2837 Box 6329
DPO AE 88391",1960-08-10
Ryan Holmes,ericvargas@example.org,"684 Adams Heights
East Daniellefort, OH 18451",1919-04-04
Caroline Ramos,fwright@example.com,"893 Barajas Circles Suite 097
New Michael, AK 88694",1948-10-26
Phillip Mccullough,michelle87@example.net,"26862 Walker Island Suite 368
Lake Ethanport, KY 03843",1916-08-29
Jeffrey Schwartz,swilliams@example.org,"227 Ashley Harbor
Greentown, CA 48927",1943-10-29
Ryan Drake,morganchase@example.org,"912 Clark Cape
Lake Alexander, CO 16302",1930-09-08
Justin King,natasha47@example.org,"251 Chad Streets Apt. 094
West Dennis, TN 69299",2022-03-21
Margaret Ford,teresa93@example.org,"0947 Crystal Flats Suite 206
Nathanhaven, CO 37595",1961-11-14
Joseph White,paul93@example.com,"00827 Copeland Manor
Dillonshire, MS 50576",1949-01-30
Anthony Alvarado,monica75@example.net,"1624 Sanders Plains Apt. 345
Joanneberg, RI 64794",1939-09-01
Amanda Lewis,shannon40@example.net,"8452 Andrew Common
Danaton, FM 77511",1932-06-15
Benjamin Montgomery,thomaskelley@example.com,"4277 Hopkins Rest
South Donaldmouth, LA 22857",1983-07-01
Janet Warner,rgarcia@example.com,"005 Alexander Pike Apt. 370
Tonyland, VT 05077",1923-04-23
Justin Larson,zimmermanmelissa@example.org,"2287 Mendez Grove Suite 026
Annview, SD 91416",2013-02-04
Dr. Brenda Morgan,ewillis@example.org,"741 Dean Extension
Jeffreymouth, NY 37970",1991-04-22
Brittany Romero,michael52@example.com,"40497 Bowers Vista Apt. 820
Clarkborough, SC 64722",1941-07-24
Stephanie Bradford,matthewswilliam@example.com,"530 House Valley Suite 056
South John, OK 62879",2002-04-22
Harold Chapman,jordanluis@example.net,"5421 Robert Highway
Butlerstad, AS 91023",1979-12-31
Dr. Sharon Myers,rogersjeffrey@example.org,"4435 Brandon Crescent
Lake Isabelmouth, TN 11703",1983-02-15
Russell Ware,ramirezjohn@example.net,"15080 Thomas Dale
Philipborough, PW 48816",1984-08-01
Tracey Rose,dominique49@example.net,"972 Thomas Knoll
South Rebecca, MT 89533",2021-06-21
Veronica Carter,monica63@example.com,"8428 Frank Throughway Apt. 826
Port Alexandriaside, OR 76908",2018-01-19
Darin Adams,ejohnson@example.com,"60638 Rebecca Plaza
Jacksonton, HI 53501",1973-09-10
Karen Rangel,fgriffith@example.net,"70805 Green Views
North Susan, CT 16878",2001-08-14
Teresa Black,powershannah@example.com,"693 Teresa Manors Apt. 636
East Jamesmouth, TX 87573",1919-11-13
Susan Lee,millergloria@example.com,"65563 Cox Trail Suite 216
Sextonton, GU 35975",1957-10-03
Chad Marquez,atrevino@example.net,"55174 Rhodes Glen Suite 370
East Lisaville, NV 45671",1912-12-06
Dr. Jennifer Mcdaniel,patrick64@example.com,"495 Doyle Land Suite 223
Lake Kimberlyburgh, NC 36270",1935-01-31
Brian Fisher,pdrake@example.com,"8100 Nancy Mill
New Alyssa, IL 38929",2009-08-03
Mark Diaz,deanbrandon@example.com,"16371 Todd Port Apt. 043
Tracitown, FL 81403",1998-10-25
Lynn Nichols,hannahguerra@example.net,"830 Eric Land
East Chloe, AK 40625",1977-11-27
Robert Gibson,batesmichael@example.net,"8109 Wright Glen
South Williamland, MI 86367",1945-05-16
Susan Smith,lbradley@example.net,"735 Spencer View Apt. 411
Melissabury, NE 68357",1984-05-09
Sarah Murphy,amber87@example.com,"330 Wiley Island Apt. 781
South William, MN 32291",1994-12-15
Ashley White,maryhinton@example.org,"86508 Nicholas Plains Apt. 106
East Robert, PW 77766",1973-05-13
Jeffrey Rice,fgreen@example.com,"4910 Emily Loaf
Penaport, AK 06948",1946-10-27
Jonathon Wright Jr.,elizabethedwards@example.com,"61273 Waller Union
New Tracyhaven, RI 73313",1948-12-26
Charles Flynn,sweeneybriana@example.net,"0370 Phyllis Tunnel
Navarrohaven, NE 91231",1925-05-03
Robert Powers,wsanders@example.org,"3006 Smith Heights
Weberland, ID 63923",2002-10-10
William Bates,stricklandwilliam@example.com,"PSC 6900, Box 8060
APO AP 48034",1925-08-08
Bryan Combs,madisonmorales@example.com,"788 Joy Keys
Andersonton, AR 29651",1935-06-18
